league,actual,top1,top1_prob,top2_prob,top3_prob,top1_hit,top3_hit,top3_prob_sum,xg_home,xg_away,xg_total,xg_diff,xg_total_bucket,xg_diff_bucket
F1,"(2, 1)","(1, 0)",0.3103820851480337,0.25786879019963477,0.20711458834476848,False,False,0.775365463692437,1.5,1.5,3.0,0.0,Medium (2.2-3.0),
F1,"(1, 1)","(1, 0)",0.2851495766553848,0.28485411121472043,0.18707407360320008,False,False,0.7570777614733053,1.5,1.5,3.0,0.0,Medium (2.2-3.0),
E0,"(1, 0)","(0, 0)",0.7641583353123893,0.20555068451111413,0.027645503523635095,False,False,0.9973545233471386,1.5,1.5,3.0,0.0,Medium (2.2-3.0),
E0,"(0, 0)","(0, 0)",0.42347017140833293,0.24141829032745063,0.15497973931906953,True,True,0.819868201054853,1.5,1.5,3.0,0.0,Medium (2.2-3.0),
D1,"(1, 0)","(1, 0)",0.27255840366390366,0.24932997711945978,0.17382853450028082,True,True,0.6957169152836442,1.5,1.5,3.0,0.0,Medium (2.2-3.0),
SC0,"(1, 0)","(1, 0)",0.35352473122938366,0.30907550823738944,0.20860767841128902,True,True,0.8712079178780622,1.5,1.5,3.0,0.0,Medium (2.2-3.0),
SC0,"(1, 0)","(0, 0)",0.6485566674833894,0.2808863768984623,0.060825183582871506,False,True,0.9902682279647231,1.5,1.5,3.0,0.0,Medium (2.2-3.0),
SC0,"(1, 0)","(0, 0)",0.46863850512762517,0.35571834337965186,0.13500335379217746,False,False,0.9593602022994544,1.5,1.5,3.0,0.0,Medium (2.2-3.0),
SC0,"(0, 0)","(1, 0)",0.3280916124521608,0.24246629226961286,0.23618401113164672,False,True,0.8067419158534204,1.5,1.5,3.0,0.0,Medium (2.2-3.0),
SC0,"(0, 1)","(1, 0)",0.3109827323342127,0.2618666661840703,0.20449161083311526,False,False,0.7773410093513983,1.5,1.5,3.0,0.0,Medium (2.2-3.0),
SP1,"(1, 1)","(2, 0)",0.2811789365905771,0.24862027119505575,0.20394135987813358,False,False,0.7337405676637664,1.5,1.5,3.0,0.0,Medium (2.2-3.0),
SP1,"(1, 0)","(0, 0)",0.3323078475633496,0.23410982860964719,0.180200689517424,False,True,0.7466183656904207,1.5,1.5,3.0,0.0,Medium (2.2-3.0),
SP1,"(0, 0)","(1, 0)",0.32512080150983824,0.24905619220123765,0.22775198010188763,False,True,0.8019289738129636,1.5,1.5,3.0,0.0,Medium (2.2-3.0),
SP1,"(1, 0)","(2, 0)",0.2847549091609995,0.23351135623362687,0.22321779377204856,False,True,0.7414840591666749,1.5,1.5,3.0,0.0,Medium (2.2-3.0),
F1,"(0, 0)","(0, 0)",0.3570695838947316,0.2661535884594399,0.13973903046970387,True,True,0.7629622028238754,1.5,1.5,3.0,0.0,Medium (2.2-3.0),
E0,"(1, 0)","(0, 0)",0.33653522145660736,0.24402156597469363,0.16768316985349932,False,True,0.7482399572848003,1.5,1.5,3.0,0.0,Medium (2.2-3.0),
E0,"(0, 0)","(1, 0)",0.2949117610452696,0.250142081627532,0.19694009311799907,False,True,0.7419939357908006,1.5,1.5,3.0,0.0,Medium (2.2-3.0),
E0,"(0, 0)","(1, 0)",0.30910935025092884,0.3008870071975464,0.17340666838675323,False,True,0.7834030258352285,1.5,1.5,3.0,0.0,Medium (2.2-3.0),
N1,"(2, 1)","(0, 0)",0.4266202419953609,0.22762352043515183,0.17070572190977146,False,False,0.8249494843402843,1.5,1.5,3.0,0.0,Medium (2.2-3.0),
D1,"(0, 1)","(0, 0)",0.36226770715079565,0.25474857052067335,0.15240578932739585,False,True,0.7694220669988647,1.5,1.5,3.0,0.0,Medium (2.2-3.0),
D1,"(1, 0)","(1, 0)",0.319515476185824,0.29542468038269365,0.18737690686687858,True,True,0.8023170634353962,1.5,1.5,3.0,0.0,Medium (2.2-3.0),
D1,"(1, 3)","(0, 0)",0.4145198663104934,0.22490254408033974,0.17772287681926677,False,False,0.8171452872100999,1.5,1.5,3.0,0.0,Medium (2.2-3.0),
D1,"(0, 0)","(0, 0)",0.2931602997568798,0.2858042348070475,0.15589412149241763,True,True,0.7348586560563449,1.5,1.5,3.0,0.0,Medium (2.2-3.0),
E0,"(1, 0)","(0, 0)",0.5846977958714246,0.31392339924624174,0.08427250905524711,False,True,0.9828937041729134,1.5,1.5,3.0,0.0,Medium (2.2-3.0),
I1,"(0, 0)","(0, 0)",0.4881973727156163,0.25284482079777587,0.11849651695705841,True,True,0.8595387104704506,1.5,1.5,3.0,0.0,Medium (2.2-3.0),
I1,"(1, 0)","(0, 0)",0.45467113122548125,0.3589693922224515,0.1417057469706079,False,False,0.9553462704185406,1.5,1.5,3.0,0.0,Medium (2.2-3.0),
I1,"(0, 0)","(0, 0)",0.6019393691389336,0.3056547712904057,0.07760319726738692,True,True,0.9851973376967262,1.5,1.5,3.0,0.0,Medium (2.2-3.0),
E0,"(0, 2)","(1, 0)",0.34500181367697846,0.3430734806041274,0.18124696731923107,False,False,0.869322261600337,1.5,1.5,3.0,0.0,Medium (2.2-3.0),
N1,"(1, 0)","(1, 0)",0.2748274369269213,0.23022615430029456,0.19251953655963333,True,True,0.6975731277868491,1.5,1.5,3.0,0.0,Medium (2.2-3.0),
N1,"(1, 1)","(0, 0)",0.3984271531932421,0.24579351815989625,0.15642539513009207,False,False,0.8006460664832304,1.5,1.5,3.0,0.0,Medium (2.2-3.0),
N1,"(0, 2)","(1, 0)",0.3198031140603681,0.29547128261891387,0.1876339090750683,False,False,0.8029083057543502,1.5,1.5,3.0,0.0,Medium (2.2-3.0),
N1,"(0, 1)","(0, 0)",0.4160902350550899,0.36573256096584106,0.16073473357638746,False,False,0.9425575295973184,1.5,1.5,3.0,0.0,Medium (2.2-3.0),
I1,"(0, 1)","(0, 0)",0.4094686499321134,0.26090585619267537,0.13606158694930662,False,True,0.8064360930740954,1.5,1.5,3.0,0.0,Medium (2.2-3.0),
N1,"(1, 0)","(0, 0)",0.3374219317243069,0.3347164425781194,0.1754242373369706,False,True,0.8475626116393968,1.5,1.5,3.0,0.0,Medium (2.2-3.0),
E0,"(0, 1)","(1, 0)",0.2992831531930602,0.24488329043784218,0.2032847662698704,False,False,0.7474512099007729,1.5,1.5,3.0,0.0,Medium (2.2-3.0),
SC0,"(2, 0)","(0, 0)",0.4348844786332246,0.22401303761861513,0.1724611862788257,False,False,0.8313587025306655,1.5,1.5,3.0,0.0,Medium (2.2-3.0),
F1,"(1, 2)","(0, 0)",0.2655544752153157,0.22720940414924498,0.20715252683984528,False,False,0.699916406204406,1.5,1.5,3.0,0.0,Medium (2.2-3.0),
F1,"(1, 1)","(0, 0)",0.4070075595019224,0.22938218351699624,0.17423935119294703,False,False,0.8106290942118657,1.5,1.5,3.0,0.0,Medium (2.2-3.0),
N1,"(0, 1)","(1, 0)",0.32243392016102496,0.26785010272293774,0.20318144769066807,False,False,0.7934654705746308,1.5,1.5,3.0,0.0,Medium (2.2-3.0),
N1,"(0, 4)","(0, 0)",0.2624643652839276,0.21857704676850967,0.21450164199245383,False,False,0.695543054044891,1.5,1.5,3.0,0.0,Medium (2.2-3.0),
E0,"(1, 1)","(0, 0)",0.4116301596086082,0.2276784332972933,0.17509038611579292,False,False,0.8143989790216943,1.5,1.5,3.0,0.0,Medium (2.2-3.0),
F1,"(0, 1)","(0, 0)",0.3390266465914811,0.28737563967883695,0.1332107808065547,False,False,0.7596130670768727,1.5,1.5,3.0,0.0,Medium (2.2-3.0),
F1,"(1, 1)","(0, 0)",0.31882721205347697,0.23392733351347042,0.18061645445365437,False,False,0.7333710000206017,1.5,1.5,3.0,0.0,Medium (2.2-3.0),
N1,"(1, 2)","(1, 1)",0.25209552956771364,0.21870298242807876,0.17759790360549768,False,False,0.64839641560129,1.5,1.5,3.0,0.0,Medium (2.2-3.0),
SP1,"(0, 0)","(0, 0)",0.2458123026116341,0.23646425949045943,0.21431433389090415,True,True,0.6965908959929976,1.5,1.5,3.0,0.0,Medium (2.2-3.0),
SP1,"(0, 0)","(0, 0)",0.701612871141361,0.24865736661826032,0.04406310696163833,True,True,0.9943333447212596,1.5,1.5,3.0,0.0,Medium (2.2-3.0),
SP1,"(1, 0)","(0, 0)",0.6982246916562301,0.25083815220793315,0.045056970453050564,False,False,0.9941198143172139,1.5,1.5,3.0,0.0,Medium (2.2-3.0),
F1,"(2, 0)","(0, 0)",0.32288104650554056,0.22578379570315643,0.19107105082392395,False,False,0.739735893032621,1.5,1.5,3.0,0.0,Medium (2.2-3.0),
D1,"(1, 2)","(1, 1)",0.2590270480174697,0.21546754927917164,0.20361138738286738,False,False,0.6781059846795088,1.5,1.5,3.0,0.0,Medium (2.2-3.0),
D1,"(0, 0)","(0, 0)",0.3385623089338517,0.28657959701158736,0.1327617135282822,True,True,0.7579036194737212,1.5,1.5,3.0,0.0,Medium (2.2-3.0),
I1,"(0, 0)","(0, 0)",0.7073571984814094,0.24492287283448097,0.042402349029796366,True,True,0.9946824203456868,1.5,1.5,3.0,0.0,Medium (2.2-3.0),
I1,"(0, 0)","(0, 0)",0.6581530419420466,0.27536683390657385,0.05760582143021345,True,True,0.9911256972788339,1.5,1.5,3.0,0.0,Medium (2.2-3.0),
SP1,"(0, 2)","(1, 1)",0.28809514839079053,0.18615157429912857,0.18539181727553625,False,False,0.6596385399654553,1.5,1.5,3.0,0.0,Medium (2.2-3.0),
I1,"(0, 1)","(1, 0)",0.3530890067350598,0.27397596205169633,0.23346244414774317,False,False,0.8605274129344993,1.5,1.5,3.0,0.0,Medium (2.2-3.0),
I1,"(1, 0)","(0, 0)",0.3261367414646773,0.2296064709337661,0.18610240752944102,False,True,0.7418456199278844,1.5,1.5,3.0,0.0,Medium (2.2-3.0),
I1,"(0, 0)","(0, 0)",0.3423198478141802,0.2719496062361154,0.13444398704370952,True,True,0.7487134410940051,1.5,1.5,3.0,0.0,Medium (2.2-3.0),
E0,"(0, 1)","(0, 0)",0.24895517549734655,0.2269088246400416,0.21481761196387258,False,True,0.6906816121012608,1.5,1.5,3.0,0.0,Medium (2.2-3.0),
SP1,"(0, 0)","(0, 0)",0.365278026892583,0.344588286772472,0.16926062214240709,True,True,0.879126935807462,1.5,1.5,3.0,0.0,Medium (2.2-3.0),
D1,"(0, 0)","(0, 0)",0.42344031293430545,0.22304701263883683,0.17736165216210867,True,True,0.8238489777352509,1.5,1.5,3.0,0.0,Medium (2.2-3.0),
E0,"(2, 0)","(0, 0)",0.4850382477708439,0.2741837053023932,0.09641844716852253,False,False,0.8556404002417597,1.5,1.5,3.0,0.0,Medium (2.2-3.0),
N1,"(1, 0)","(0, 0)",0.2931162966564867,0.2580196824338914,0.16882302974597735,False,True,0.7199590088363554,1.5,1.5,3.0,0.0,Medium (2.2-3.0),
F1,"(1, 2)","(0, 0)",0.44767570241679516,0.2886507837880588,0.09766419229602771,False,False,0.8339906785008817,1.5,1.5,3.0,0.0,Medium (2.2-3.0),
SP1,"(2, 1)","(0, 0)",0.3859870654991622,0.22497651368343738,0.1848213666047445,False,False,0.795784945787344,1.5,1.5,3.0,0.0,Medium (2.2-3.0),
I1,"(1, 0)","(0, 0)",0.37085009158165816,0.2964905720947281,0.1271510161269103,False,True,0.7944916798032966,1.5,1.5,3.0,0.0,Medium (2.2-3.0),
N1,"(1, 0)","(0, 0)",0.29077121852642707,0.27613592542004367,0.15613242468809718,False,True,0.723039568634568,1.5,1.5,3.0,0.0,Medium (2.2-3.0),
D1,"(0, 0)","(0, 0)",0.37491892154087475,0.2875319038437292,0.11879343855092972,True,True,0.7812442639355337,1.5,1.5,3.0,0.0,Medium (2.2-3.0),
SP1,"(0, 0)","(0, 0)",0.44172088061374004,0.2567348058518639,0.1314467910014214,True,True,0.8299024774670254,1.5,1.5,3.0,0.0,Medium (2.2-3.0),
D1,"(2, 0)","(0, 0)",0.6986644625877114,0.2505560185060812,0.04492737341835133,False,False,0.9941478545121439,1.5,1.5,3.0,0.0,Medium (2.2-3.0),
D1,"(0, 1)","(1, 0)",0.342942371191639,0.3227670411499834,0.19119947069039792,False,False,0.8569088830320203,1.5,1.5,3.0,0.0,Medium (2.2-3.0),
D1,"(1, 0)","(0, 0)",0.2641209138879491,0.2292833351676114,0.20685828099798248,False,False,0.700262530053543,1.5,1.5,3.0,0.0,Medium (2.2-3.0),
D1,"(0, 4)","(0, 0)",0.3112549722173759,0.3014141831830805,0.15975635886650083,False,False,0.7724255142669573,1.5,1.5,3.0,0.0,Medium (2.2-3.0),
SP1,"(0, 1)","(0, 0)",0.8056503831817208,0.17410804133102573,0.018813129546596818,False,False,0.9985715540593434,1.5,1.5,3.0,0.0,Medium (2.2-3.0),
SP1,"(0, 0)","(0, 0)",0.35436023940300543,0.3012227844100467,0.1377659880563014,True,True,0.7933490118693536,1.5,1.5,3.0,0.0,Medium (2.2-3.0),
SP1,"(0, 1)","(0, 0)",0.5103496650038133,0.2181546823914902,0.1483961807907856,False,True,0.8769005281860891,1.5,1.5,3.0,0.0,Medium (2.2-3.0),
SC0,"(1, 0)","(1, 0)",0.2767593226864019,0.2501113429193121,0.17709902367369348,True,True,0.7039696892794075,1.5,1.5,3.0,0.0,Medium (2.2-3.0),
SC0,"(1, 1)","(1, 0)",0.3692766362259057,0.3639257497202514,0.18735309904169106,False,False,0.9205554849878481,1.5,1.5,3.0,0.0,Medium (2.2-3.0),
F1,"(1, 1)","(0, 0)",0.6273082571181082,0.2926030704840477,0.06824121624830842,False,False,0.9881525438504644,1.5,1.5,3.0,0.0,Medium (2.2-3.0),
F1,"(1, 0)","(0, 0)",0.3906874351710409,0.2231514711776836,0.1860987950203492,False,True,0.7999377013690737,1.5,1.5,3.0,0.0,Medium (2.2-3.0),
F1,"(0, 2)","(0, 0)",0.32404156441033033,0.23295369899272614,0.1818593578764751,False,False,0.7388546212795316,1.5,1.5,3.0,0.0,Medium (2.2-3.0),
D1,"(0, 0)","(0, 0)",0.4374443655708734,0.3624004659238044,0.1501152009700674,True,True,0.9499600324647451,1.5,1.5,3.0,0.0,Medium (2.2-3.0),
N1,"(0, 1)","(1, 0)",0.2770231326455249,0.21561729812028224,0.20833690192897086,False,False,0.700977332694778,1.5,1.5,3.0,0.0,Medium (2.2-3.0),
SC0,"(0, 1)","(0, 0)",0.7655287444827346,0.20454744729027896,0.027327294039912492,False,False,0.997403485812926,1.5,1.5,3.0,0.0,Medium (2.2-3.0),
N1,"(1, 1)","(1, 0)",0.273088040977542,0.25784180526110595,0.17570085220795892,False,True,0.706630698446607,1.5,1.5,3.0,0.0,Medium (2.2-3.0),
N1,"(1, 0)","(1, 0)",0.24409917878965703,0.2229408166886323,0.2043663427485301,True,True,0.6714063382268194,1.5,1.5,3.0,0.0,Medium (2.2-3.0),
E0,"(1, 0)","(0, 0)",0.41979198945116564,0.2572989864377746,0.13745343611869643,False,True,0.8145444120076367,1.5,1.5,3.0,0.0,Medium (2.2-3.0),
E0,"(1, 1)","(0, 0)",0.3741123508225649,0.21361485739787764,0.20189705677594405,False,False,0.7896242649963866,1.5,1.5,3.0,0.0,Medium (2.2-3.0),
E0,"(2, 1)","(1, 0)",0.24134743496717787,0.2307514650321318,0.20210406446546086,False,False,0.6742029644647705,1.5,1.5,3.0,0.0,Medium (2.2-3.0),
E0,"(2, 0)","(0, 0)",0.5074509251002784,0.3445804718971496,0.11699229988535212,False,True,0.9690236968827801,1.5,1.5,3.0,0.0,Medium (2.2-3.0),
I1,"(0, 0)","(0, 0)",0.28582432545127834,0.24164658804108044,0.18441421550290285,True,True,0.7118851289952616,1.5,1.5,3.0,0.0,Medium (2.2-3.0),
I1,"(1, 0)","(0, 0)",0.3479018446195404,0.23909074128754232,0.17295414081408514,False,True,0.7599467267211678,1.5,1.5,3.0,0.0,Medium (2.2-3.0),
I1,"(2, 0)","(0, 0)",0.35704210322998065,0.30334807059836205,0.13832369072120868,False,False,0.7987138645495513,1.5,1.5,3.0,0.0,Medium (2.2-3.0),
I1,"(0, 0)","(0, 0)",0.6052640076373694,0.18260947776272016,0.13659102399806453,True,True,0.9244645093981542,1.5,1.5,3.0,0.0,Medium (2.2-3.0),
SC0,"(0, 1)","(0, 0)",0.2611125823849641,0.21920978447408232,0.21514537584755697,False,False,0.6954677427066034,1.5,1.5,3.0,0.0,Medium (2.2-3.0),
F1,"(2, 0)","(0, 0)",0.4141738337043716,0.24996887911228055,0.14750943869970196,False,False,0.8116521515163542,1.5,1.5,3.0,0.0,Medium (2.2-3.0),
F1,"(1, 0)","(0, 0)",0.3139102560088004,0.2289380078056516,0.18688335015185267,False,True,0.7297316139663047,1.5,1.5,3.0,0.0,Medium (2.2-3.0),
F1,"(0, 2)","(0, 0)",0.42408793235621073,0.23474643658782265,0.16280308320875633,False,False,0.8216374521527897,1.5,1.5,3.0,0.0,Medium (2.2-3.0),
SC0,"(1, 1)","(0, 0)",0.5032857717061814,0.2568313698958241,0.10763025264792243,False,False,0.867747394249928,1.5,1.5,3.0,0.0,Medium (2.2-3.0),
I1,"(1, 0)","(0, 0)",0.31729579567310356,0.2365049966136275,0.17734234026086165,False,True,0.7311431325475928,1.5,1.5,3.0,0.0,Medium (2.2-3.0),
I1,"(0, 1)","(1, 0)",0.3288017508392437,0.2854487469881356,0.20333593590065524,False,False,0.8175864337280345,1.5,1.5,3.0,0.0,Medium (2.2-3.0),
I1,"(1, 0)","(0, 0)",0.3184515727255226,0.25583961799742894,0.15549522233811733,False,True,0.7297864130610688,1.5,1.5,3.0,0.0,Medium (2.2-3.0),
D1,"(1, 0)","(0, 0)",0.34853716793649664,0.2897166444920416,0.13093549233254353,False,True,0.7691893047610817,1.5,1.5,3.0,0.0,Medium (2.2-3.0),
D1,"(1, 1)","(0, 0)",0.48014733751809574,0.26565576235840066,0.10759504776641138,False,False,0.8533981476429078,1.5,1.5,3.0,0.0,Medium (2.2-3.0),
F1,"(1, 1)","(0, 0)",0.34239965336976075,0.27741077922380164,0.12829253240412053,False,False,0.7481029649976829,1.5,1.5,3.0,0.0,Medium (2.2-3.0),
F1,"(0, 0)","(0, 0)",0.32116651906071825,0.30589202013154443,0.15823729857370833,True,True,0.7852958377659711,1.5,1.5,3.0,0.0,Medium (2.2-3.0),
E0,"(0, 2)","(0, 0)",0.3045970755820917,0.29254127276190584,0.15539843077340604,False,False,0.7525367791174036,1.5,1.5,3.0,0.0,Medium (2.2-3.0),
SC0,"(1, 1)","(0, 0)",0.4081285939982601,0.2669520507035904,0.12951642840990943,False,False,0.8045970731117599,1.5,1.5,3.0,0.0,Medium (2.2-3.0),
I1,"(0, 1)","(0, 0)",0.3416730158191641,0.2437245324971794,0.16773967423074862,False,True,0.7531372225470921,1.5,1.5,3.0,0.0,Medium (2.2-3.0),
SP1,"(0, 0)","(0, 0)",0.41342042787520633,0.25602449158055335,0.14065712590247345,True,True,0.8101020453582332,1.5,1.5,3.0,0.0,Medium (2.2-3.0),
SP1,"(2, 1)","(0, 0)",0.2808155391839015,0.2658220157665288,0.16989902337155388,False,False,0.7165365783219841,1.5,1.5,3.0,0.0,Medium (2.2-3.0),
SP1,"(2, 1)","(0, 0)",0.2945991709304689,0.29000007922750143,0.15899743696037114,False,False,0.7435966871183415,1.5,1.5,3.0,0.0,Medium (2.2-3.0),
SP1,"(0, 1)","(0, 0)",0.6459008239011824,0.20411973616725612,0.08623660110420515,False,True,0.9362571611726437,1.5,1.5,3.0,0.0,Medium (2.2-3.0),
E0,"(2, 2)","(0, 0)",0.3352291416746822,0.32373882911032154,0.16663748941319434,False,False,0.8256054601981981,1.5,1.5,3.0,0.0,Medium (2.2-3.0),
I1,"(0, 1)","(0, 0)",0.26289971071927376,0.21870249243974452,0.21004446695634402,False,True,0.6916466701153623,1.5,1.5,3.0,0.0,Medium (2.2-3.0),
E0,"(1, 0)","(0, 0)",0.39382850775790423,0.2635806168850848,0.13665257402238098,False,True,0.7940616986653699,1.5,1.5,3.0,0.0,Medium (2.2-3.0),
N1,"(2, 0)","(1, 0)",0.2660150928483331,0.25513827030151554,0.16309328644082205,False,True,0.6842466495906707,1.5,1.5,3.0,0.0,Medium (2.2-3.0),
N1,"(1, 0)","(0, 0)",0.3544770463759178,0.3073608589688349,0.1427726593088174,False,False,0.8046105646535702,1.5,1.5,3.0,0.0,Medium (2.2-3.0),
E0,"(1, 0)","(0, 0)",0.4065421897936242,0.31912652124973023,0.13095985616243883,False,False,0.8566285672057932,1.5,1.5,3.0,0.0,Medium (2.2-3.0),
E0,"(2, 0)","(0, 0)",0.4559500533120393,0.24541562073559386,0.1395357673195611,False,False,0.8409014413671942,1.5,1.5,3.0,0.0,Medium (2.2-3.0),
N1,"(0, 1)","(0, 0)",0.30363553044999375,0.21851670334285056,0.2000158362477068,False,True,0.7221680700405512,1.5,1.5,3.0,0.0,Medium (2.2-3.0),
N1,"(0, 0)","(2, 0)",0.28536849337207304,0.2338369615956814,0.22404661165278178,False,False,0.7432520666205362,1.5,1.5,3.0,0.0,Medium (2.2-3.0),
SP1,"(0, 2)","(0, 0)",0.3414320510796986,0.30265082273143334,0.14491186011897425,False,False,0.7889947339301062,1.5,1.5,3.0,0.0,Medium (2.2-3.0),
I1,"(1, 1)","(0, 0)",0.40060324449947643,0.2830658307649011,0.1133803236710046,False,False,0.7970493989353821,1.5,1.5,3.0,0.0,Medium (2.2-3.0),
I1,"(0, 0)","(0, 0)",0.4541151104236746,0.2041232362243491,0.1903660657735123,True,True,0.8486044124215361,1.5,1.5,3.0,0.0,Medium (2.2-3.0),
F1,"(0, 0)","(0, 0)",0.2974805789709701,0.24864422726948301,0.17259505410483525,True,True,0.7187198603452883,1.5,1.5,3.0,0.0,Medium (2.2-3.0),
F1,"(0, 0)","(0, 0)",0.33796277282116105,0.22675910006607014,0.18929777255126798,True,True,0.7540196454384992,1.5,1.5,3.0,0.0,Medium (2.2-3.0),
F1,"(2, 2)","(1, 0)",0.33561919203766943,0.2811973013077113,0.2123229722546897,False,False,0.8291394656000706,1.5,1.5,3.0,0.0,Medium (2.2-3.0),
I1,"(0, 0)","(0, 0)",0.5707721108300682,0.27797402920234493,0.06901294198914634,True,True,0.9177590820215594,1.5,1.5,3.0,0.0,Medium (2.2-3.0),
I1,"(0, 0)","(0, 0)",0.6294415028853456,0.2914586243581933,0.06747897089989309,True,True,0.9883790981434319,1.5,1.5,3.0,0.0,Medium (2.2-3.0),
I1,"(1, 1)","(0, 0)",0.45283030037922395,0.25983236102608603,0.12419578323533507,False,False,0.8368584446406451,1.5,1.5,3.0,0.0,Medium (2.2-3.0),
I1,"(1, 1)","(0, 0)",0.4348566417858602,0.22792231408910793,0.16767376386733515,False,False,0.8304527197423033,1.5,1.5,3.0,0.0,Medium (2.2-3.0),
I1,"(0, 1)","(0, 0)",0.38192384790606,0.2673335272216008,0.13471963877529383,False,True,0.7839770139029546,1.5,1.5,3.0,0.0,Medium (2.2-3.0),
F1,"(0, 1)","(2, 0)",0.2840207355101092,0.24946461708810574,0.21557573746343683,False,False,0.7490610900616518,1.5,1.5,3.0,0.0,Medium (2.2-3.0),
I1,"(0, 0)","(1, 0)",0.36423841338208285,0.303452582570065,0.21860025157713828,False,True,0.8862912475292861,1.5,1.5,3.0,0.0,Medium (2.2-3.0),
F1,"(0, 1)","(0, 0)",0.24432675082596264,0.2350435433432824,0.20701111510148199,False,True,0.686381409270727,1.5,1.5,3.0,0.0,Medium (2.2-3.0),
F1,"(0, 0)","(0, 0)",0.24453394894259428,0.22797042421041433,0.21853799427729528,True,True,0.6910423674303039,1.5,1.5,3.0,0.0,Medium (2.2-3.0),
F1,"(0, 0)","(0, 0)",0.29596950595090915,0.28221309351732554,0.15083744274029615,True,True,0.7290200422085309,1.5,1.5,3.0,0.0,Medium (2.2-3.0),
SC0,"(1, 0)","(0, 0)",0.3650047212780236,0.2294896820487129,0.18292635953960482,False,True,0.7774207628663413,1.5,1.5,3.0,0.0,Medium (2.2-3.0),
SC0,"(0, 1)","(1, 0)",0.3620331479473127,0.29195339030909256,0.2244673371901563,False,False,0.8784538754465615,1.5,1.5,3.0,0.0,Medium (2.2-3.0),
SC0,"(0, 1)","(0, 0)",0.2903570916019244,0.23797230933577954,0.18376121339754756,False,False,0.7120906143352516,1.5,1.5,3.0,0.0,Medium (2.2-3.0),
SC0,"(2, 0)","(0, 0)",0.8138482818602705,0.1676396595158442,0.01726553712096746,False,True,0.9987534784970821,1.5,1.5,3.0,0.0,Medium (2.2-3.0),
SC0,"(1, 1)","(0, 0)",0.3543380091547872,0.2950863572788036,0.13278790128147672,False,False,0.7822122677150676,1.5,1.5,3.0,0.0,Medium (2.2-3.0),
F1,"(0, 0)","(0, 0)",0.32078802916019705,0.23532270126037716,0.17886923724270665,True,True,0.7349799676632809,1.5,1.5,3.0,0.0,Medium (2.2-3.0),
F1,"(1, 0)","(0, 0)",0.30826102996450744,0.30534511402353726,0.16520227833997642,False,True,0.7788084223280212,1.5,1.5,3.0,0.0,Medium (2.2-3.0),
I1,"(0, 0)","(0, 0)",0.38464759509324215,0.36868269470230836,0.17669021086691772,True,True,0.9300205006624682,1.5,1.5,3.0,0.0,Medium (2.2-3.0),
I1,"(0, 0)","(0, 0)",0.6091449259121424,0.1893706272533539,0.12632794006013282,True,True,0.9248434932256292,1.5,1.5,3.0,0.0,Medium (2.2-3.0),
D1,"(0, 1)","(0, 1)",0.26865261107865646,0.25392894068935556,0.16641754063387607,True,True,0.6889990924018881,1.5,1.5,3.0,0.0,Medium (2.2-3.0),
SP1,"(0, 0)","(1, 0)",0.26457488634569387,0.221244345216419,0.19988998963417304,False,True,0.6857092211962859,1.5,1.5,3.0,0.0,Medium (2.2-3.0),
N1,"(3, 0)","(1, 0)",0.33472739282469727,0.2835319800928664,0.2098614808369006,False,False,0.8281208537544642,1.5,1.5,3.0,0.0,Medium (2.2-3.0),
N1,"(2, 1)","(1, 0)",0.2595538789108378,0.2594055872372142,0.16521254509523609,False,False,0.6841720112432881,1.5,1.5,3.0,0.0,Medium (2.2-3.0),
SP1,"(1, 0)","(1, 0)",0.3179510421936264,0.25134336834538,0.21919173246967869,True,True,0.7884861430086851,1.5,1.5,3.0,0.0,Medium (2.2-3.0),
SP1,"(3, 0)","(1, 0)",0.34024251807641887,0.3347632695051901,0.18209150067640434,False,False,0.8570972882580132,1.5,1.5,3.0,0.0,Medium (2.2-3.0),
SP1,"(1, 1)","(0, 0)",0.8361055491729479,0.14966434690045036,0.013395089145918969,False,False,0.9991649852193172,1.5,1.5,3.0,0.0,Medium (2.2-3.0),
E0,"(0, 2)","(0, 0)",0.5337009656050071,0.19271838131933478,0.16695422168321253,False,False,0.8933735686075543,1.5,1.5,3.0,0.0,Medium (2.2-3.0),
E0,"(1, 0)","(0, 0)",0.28237339712640724,0.24900415655429095,0.18165879989192837,False,True,0.7130363535726265,1.5,1.5,3.0,0.0,Medium (2.2-3.0),
E0,"(1, 0)","(0, 0)",0.24766629101915683,0.22388573287911787,0.22122798743464014,False,True,0.6927800113329148,1.5,1.5,3.0,0.0,Medium (2.2-3.0),
N1,"(1, 0)","(1, 0)",0.25417206758529026,0.22745357112088851,0.2097106612895411,True,True,0.6913362999957199,1.5,1.5,3.0,0.0,Medium (2.2-3.0),
N1,"(0, 0)","(0, 0)",0.335646979835149,0.23087986125307913,0.18414722799206112,True,True,0.7506740690802893,1.5,1.5,3.0,0.0,Medium (2.2-3.0),
N1,"(2, 0)","(1, 0)",0.35523105032850855,0.3091094262567979,0.2100368366123017,False,True,0.8743773131976083,1.5,1.5,3.0,0.0,Medium (2.2-3.0),
E0,"(0, 1)","(1, 0)",0.30335120165027035,0.22771300444255527,0.22529475380643868,False,False,0.7563589598992644,1.5,1.5,3.0,0.0,Medium (2.2-3.0),
E0,"(1, 0)","(0, 0)",0.47296567543205686,0.22473959982674763,0.15729396416856198,False,True,0.8549992394273664,1.5,1.5,3.0,0.0,Medium (2.2-3.0),
I1,"(0, 0)","(0, 0)",0.4679027854527983,0.21110029584686518,0.17600434691942782,True,True,0.8550074282190913,1.5,1.5,3.0,0.0,Medium (2.2-3.0),
I1,"(0, 1)","(0, 0)",0.2655555253005408,0.250193329485299,0.19112589679578376,False,False,0.7068747515816235,1.5,1.5,3.0,0.0,Medium (2.2-3.0),
SC0,"(2, 0)","(0, 0)",0.38611177255179946,0.3483726430734402,0.16239585687218763,False,True,0.8968802724974273,1.5,1.5,3.0,0.0,Medium (2.2-3.0),
SC0,"(3, 0)","(0, 0)",0.38590114764111283,0.30150108939265835,0.12526980051197537,False,False,0.8126720375457465,1.5,1.5,3.0,0.0,Medium (2.2-3.0),
E0,"(1, 0)","(0, 0)",0.506923943098143,0.27025587614355123,0.09150675813246398,False,True,0.8686865773741583,1.5,1.5,3.0,0.0,Medium (2.2-3.0),
I1,"(1, 0)","(0, 0)",0.35404320555252006,0.242078537634912,0.16865432233611724,False,True,0.7647760655235493,1.5,1.5,3.0,0.0,Medium (2.2-3.0),
D1,"(3, 0)","(2, 0)",0.2814691920349278,0.2427516045939596,0.21090500458223596,False,True,0.7351258012111234,1.5,1.5,3.0,0.0,Medium (2.2-3.0),
D1,"(0, 0)","(0, 0)",0.3461291708861057,0.24758853209864193,0.16269752359167775,True,True,0.7564152265764253,1.5,1.5,3.0,0.0,Medium (2.2-3.0),
SC0,"(1, 1)","(1, 1)",0.24912623882627957,0.21820202436798655,0.21674940203039691,True,True,0.6840776652246631,1.5,1.5,3.0,0.0,Medium (2.2-3.0),
D1,"(0, 2)","(0, 0)",0.5109579441192134,0.29395698619980043,0.0869483307172188,False,False,0.8918632610362325,1.5,1.5,3.0,0.0,Medium (2.2-3.0),
D1,"(1, 0)","(0, 0)",0.2817281670957786,0.2342044076798356,0.19174101746289535,False,False,0.7076735922385096,1.5,1.5,3.0,0.0,Medium (2.2-3.0),
D1,"(1, 0)","(0, 1)",0.2871483993176569,0.24649543725301187,0.18996355576249543,False,False,0.7236073923331643,1.5,1.5,3.0,0.0,Medium (2.2-3.0),
F1,"(0, 1)","(0, 0)",0.7083254527461372,0.19259758151730144,0.05565695300545692,False,True,0.9565799872688956,1.5,1.5,3.0,0.0,Medium (2.2-3.0),
F1,"(0, 0)","(0, 0)",0.27280270919143546,0.24883920874301335,0.18769254166402308,True,True,0.7093344595984719,1.5,1.5,3.0,0.0,Medium (2.2-3.0),
F1,"(0, 0)","(0, 0)",0.3485051383641869,0.22624814063662074,0.18911368003378967,True,True,0.7638669590345973,1.5,1.5,3.0,0.0,Medium (2.2-3.0),
SP1,"(0, 0)","(1, 0)",0.3015615447374321,0.2956226777710812,0.16947450810287337,False,True,0.7666587306113867,1.5,1.5,3.0,0.0,Medium (2.2-3.0),
D1,"(1, 0)","(1, 0)",0.26131553574993666,0.2174801045448628,0.19206243895303093,True,True,0.6708580792478305,1.5,1.5,3.0,0.0,Medium (2.2-3.0),
E0,"(0, 1)","(0, 0)",0.3501787239341454,0.21264256807453644,0.2067952286098461,False,True,0.7696165206185279,1.5,1.5,3.0,0.0,Medium (2.2-3.0),
E0,"(2, 1)","(0, 0)",0.6957074925189309,0.2524477420185831,0.045802196422763765,False,False,0.9939574309602778,1.5,1.5,3.0,0.0,Medium (2.2-3.0),
D1,"(1, 1)","(0, 0)",0.24750575527635787,0.22816451654128156,0.2192942708207744,False,True,0.6949645426384139,1.5,1.5,3.0,0.0,Medium (2.2-3.0),
SP1,"(2, 0)","(0, 0)",0.3568461234167425,0.2503198929618634,0.15834556440319417,False,False,0.7655115807818,1.5,1.5,3.0,0.0,Medium (2.2-3.0),
SP1,"(0, 1)","(1, 1)",0.2633433919726549,0.21370392520712514,0.19672785695910858,False,False,0.6737751741388885,1.5,1.5,3.0,0.0,Medium (2.2-3.0),
D1,"(1, 0)","(0, 0)",0.5102278501387213,0.3436692056741235,0.11574096053025283,False,True,0.9696380163430977,1.5,1.5,3.0,0.0,Medium (2.2-3.0),
SP1,"(2, 1)","(1, 0)",0.3203327688175852,0.23670554510424288,0.23383309272933256,False,False,0.7908714066511606,1.5,1.5,3.0,0.0,Medium (2.2-3.0),
E0,"(2, 1)","(1, 0)",0.3122741337979764,0.28534687665383796,0.18723191509844966,False,False,0.7848529255502641,1.5,1.5,3.0,0.0,Medium (2.2-3.0),
I1,"(1, 0)","(0, 0)",0.32349908970992575,0.24618719237944117,0.16540010735059438,False,True,0.7350863894399613,1.5,1.5,3.0,0.0,Medium (2.2-3.0),
N1,"(4, 1)","(1, 1)",0.2470813273996421,0.22942244061163825,0.20414028412103888,False,False,0.6806440521323193,1.5,1.5,3.0,0.0,Medium (2.2-3.0),
N1,"(0, 0)","(1, 0)",0.3120829999238069,0.232271820443953,0.22957715992646924,False,True,0.7739319802942292,1.5,1.5,3.0,0.0,Medium (2.2-3.0),
N1,"(0, 0)","(0, 0)",0.30601953139658217,0.21385604250255252,0.20643921672916926,True,True,0.7263147906283041,1.5,1.5,3.0,0.0,Medium (2.2-3.0),
N1,"(1, 0)","(0, 0)",0.31209675994582287,0.2704207262439487,0.14919673225341756,False,True,0.7317142184431891,1.5,1.5,3.0,0.0,Medium (2.2-3.0),
F1,"(1, 0)","(0, 0)",0.34815093599437963,0.24172613592320694,0.1696771937203715,False,True,0.759554265637958,1.5,1.5,3.0,0.0,Medium (2.2-3.0),
F1,"(2, 0)","(0, 0)",0.5539006555969822,0.23992757126320102,0.10175320424733801,False,False,0.8955814311075213,1.5,1.5,3.0,0.0,Medium (2.2-3.0),
F1,"(1, 0)","(0, 0)",0.6866199497567947,0.1787655600809002,0.08582081382197308,False,True,0.951206323659668,1.5,1.5,3.0,0.0,Medium (2.2-3.0),
F1,"(0, 0)","(1, 0)",0.26719669886683106,0.24105059880017535,0.1897606074270689,False,True,0.6980079050940753,1.5,1.5,3.0,0.0,Medium (2.2-3.0),
SP1,"(3, 0)","(0, 0)",0.30638030798349764,0.2905827734177641,0.15256394088468606,False,False,0.7495270222859478,1.5,1.5,3.0,0.0,Medium (2.2-3.0),
F1,"(0, 0)","(1, 1)",0.23594350562452826,0.22854488764198286,0.22320032313825222,False,True,0.6876887164047634,1.5,1.5,3.0,0.0,Medium (2.2-3.0),
F1,"(0, 0)","(0, 0)",0.4536990196978614,0.29986423623600433,0.10323145782452639,True,True,0.8567947137583921,1.5,1.5,3.0,0.0,Medium (2.2-3.0),
I1,"(2, 2)","(0, 0)",0.4872452917630733,0.23989512070209254,0.13355807134870076,False,False,0.8606984838138666,1.5,1.5,3.0,0.0,Medium (2.2-3.0),
I1,"(0, 1)","(0, 0)",0.32108323248209514,0.2292833469563668,0.1865550236719764,False,True,0.7369216031104383,1.5,1.5,3.0,0.0,Medium (2.2-3.0),
I1,"(1, 1)","(0, 0)",0.3842020101757479,0.2374906893813978,0.1695761625563924,False,False,0.7912688621135381,1.5,1.5,3.0,0.0,Medium (2.2-3.0),
I1,"(1, 1)","(0, 0)",0.5631305954996181,0.18188837343837713,0.1634056217886535,False,False,0.9084245907266487,1.5,1.5,3.0,0.0,Medium (2.2-3.0),
I1,"(0, 0)","(1, 0)",0.31691000519229595,0.2608872944288499,0.21070975302009107,False,True,0.7885070526412369,1.5,1.5,3.0,0.0,Medium (2.2-3.0),
I1,"(0, 1)","(0, 0)",0.3143575217428757,0.22936276390855817,0.18635015663816415,False,True,0.7300704422895979,1.5,1.5,3.0,0.0,Medium (2.2-3.0),
SP1,"(0, 0)","(0, 0)",0.24943229368932798,0.2236933547177069,0.22096997175138908,True,True,0.694095620158424,1.5,1.5,3.0,0.0,Medium (2.2-3.0),
E0,"(0, 1)","(0, 0)",0.671156426421128,0.17316351406435132,0.10292753005202325,False,True,0.9472474705375026,1.5,1.5,3.0,0.0,Medium (2.2-3.0),
I1,"(0, 0)","(0, 0)",0.5871332126497837,0.19283819115675788,0.1360178270604307,True,True,0.9159892308669721,1.5,1.5,3.0,0.0,Medium (2.2-3.0),
F1,"(0, 0)","(1, 1)",0.2677257370898771,0.20155321753932093,0.19405010369118278,False,True,0.6633290583203808,1.5,1.5,3.0,0.0,Medium (2.2-3.0),
SP1,"(0, 0)","(0, 0)",0.5092014574261122,0.22571831199017603,0.14008572799400548,True,True,0.8750054974102937,1.5,1.5,3.0,0.0,Medium (2.2-3.0),
D1,"(0, 1)","(0, 0)",0.5301711169017427,0.2280678296141816,0.1271630701723198,False,True,0.885402016688244,1.5,1.5,3.0,0.0,Medium (2.2-3.0),
N1,"(0, 0)","(0, 0)",0.5108446017209057,0.2040752336499368,0.16500634325384148,True,True,0.879926178624684,1.5,1.5,3.0,0.0,Medium (2.2-3.0),
I1,"(0, 0)","(0, 0)",0.441878328208535,0.33635907115857117,0.13136936798297316,True,True,0.9096067673500793,1.5,1.5,3.0,0.0,Medium (2.2-3.0),
F1,"(2, 0)","(1, 1)",0.2309327604958125,0.22649774939722692,0.20136153647017757,False,True,0.658792046363217,1.5,1.5,3.0,0.0,Medium (2.2-3.0),
F1,"(0, 1)","(0, 0)",0.3799807234830398,0.2382689730271896,0.16944368805401244,False,True,0.7876933845642419,1.5,1.5,3.0,0.0,Medium (2.2-3.0),
I1,"(0, 0)","(0, 0)",0.37382345459386757,0.33587517981638415,0.15765533970163179,True,True,0.8673539741118835,1.5,1.5,3.0,0.0,Medium (2.2-3.0),
I1,"(1, 2)","(0, 0)",0.4283761255882403,0.2123982446292684,0.18919143387875287,False,False,0.8299658040962616,1.5,1.5,3.0,0.0,Medium (2.2-3.0),
F1,"(1, 3)","(0, 0)",0.299021045555834,0.22460762422332284,0.19159353493339454,False,False,0.7152222047125514,1.5,1.5,3.0,0.0,Medium (2.2-3.0),
I1,"(0, 0)","(0, 0)",0.3671731606288132,0.2963770500938629,0.128513878014455,True,True,0.7920640887371311,1.5,1.5,3.0,0.0,Medium (2.2-3.0),
E0,"(0, 0)","(1, 0)",0.3692320971403129,0.35750593552333365,0.19067143788684784,False,True,0.9174094705504944,1.5,1.5,3.0,0.0,Medium (2.2-3.0),
D1,"(1, 1)","(0, 0)",0.3375791067763916,0.21945319227403853,0.1988466477077061,False,False,0.7558789467581363,1.5,1.5,3.0,0.0,Medium (2.2-3.0),
N1,"(1, 0)","(1, 0)",0.26361912375500623,0.24399928672324386,0.19177147162029334,True,True,0.6993898820985434,1.5,1.5,3.0,0.0,Medium (2.2-3.0),
SC0,"(0, 1)","(0, 0)",0.28584648037154675,0.24418209799063306,0.1827555146414198,False,False,0.7127840930035997,1.5,1.5,3.0,0.0,Medium (2.2-3.0),
SC0,"(1, 0)","(0, 0)",0.36381002469699175,0.3293077688052487,0.1568400193373728,False,True,0.8499578128396132,1.5,1.5,3.0,0.0,Medium (2.2-3.0),
E0,"(1, 0)","(0, 0)",0.6528600813748145,0.2255090550132072,0.05908678525952424,False,True,0.937455921647546,1.5,1.5,3.0,0.0,Medium (2.2-3.0),
E0,"(1, 1)","(1, 0)",0.27334354574701564,0.26623843112185097,0.1712276992275995,False,True,0.7108096760964661,1.5,1.5,3.0,0.0,Medium (2.2-3.0),
E0,"(0, 1)","(0, 0)",0.3972529185310558,0.25347193618791636,0.14761181907476356,False,True,0.7983366737937356,1.5,1.5,3.0,0.0,Medium (2.2-3.0),
E0,"(1, 0)","(0, 0)",0.3785569819162138,0.3166062482433565,0.13983554162822331,False,True,0.8349987717877936,1.5,1.5,3.0,0.0,Medium (2.2-3.0),
N1,"(0, 1)","(1, 0)",0.30515749687425076,0.24755498807206766,0.2064784942614745,False,False,0.7591909792077929,1.5,1.5,3.0,0.0,Medium (2.2-3.0),
N1,"(0, 0)","(1, 0)",0.2592626289266338,0.2174124992776212,0.20675202671950593,False,True,0.6834271549237609,1.5,1.5,3.0,0.0,Medium (2.2-3.0),
D1,"(1, 0)","(0, 0)",0.4851599758492874,0.35134787582396576,0.127221263079171,False,False,0.9637291147524242,1.5,1.5,3.0,0.0,Medium (2.2-3.0),
N1,"(1, 0)","(0, 0)",0.30973618679709725,0.30452487012029233,0.16354746210783153,False,True,0.7778085190252212,1.5,1.5,3.0,0.0,Medium (2.2-3.0),
SP1,"(1, 0)","(0, 0)",0.8028457120011718,0.1763019225312359,0.019357622158019654,False,True,0.9985052566904273,1.5,1.5,3.0,0.0,Medium (2.2-3.0),
SP1,"(0, 0)","(0, 0)",0.26758820942945977,0.21501442621043068,0.2101610619079367,True,True,0.6927636975478272,1.5,1.5,3.0,0.0,Medium (2.2-3.0),
SP1,"(1, 1)","(0, 0)",0.3819386681764561,0.27077731992168047,0.1308094996795491,False,False,0.7835254877776857,1.5,1.5,3.0,0.0,Medium (2.2-3.0),
SP1,"(0, 1)","(0, 0)",0.4242310853206036,0.2915336307050763,0.10577004555817424,False,False,0.8215347615838542,1.5,1.5,3.0,0.0,Medium (2.2-3.0),
D1,"(2, 1)","(0, 1)",0.3175059515346446,0.28786302877278624,0.19075692260187216,False,False,0.7961259029093031,1.5,1.5,3.0,0.0,Medium (2.2-3.0),
D1,"(0, 0)","(0, 0)",0.31583716098591263,0.2274511960758109,0.18885232155221796,True,True,0.7321406786139415,1.5,1.5,3.0,0.0,Medium (2.2-3.0),
D1,"(5, 0)","(1, 0)",0.3329645857290698,0.26668375130986005,0.22080724723436645,False,False,0.8204555842732963,1.5,1.5,3.0,0.0,Medium (2.2-3.0),
N1,"(1, 0)","(0, 0)",0.2537999648139051,0.22123449306058426,0.21814719792881318,False,True,0.6931816558033026,1.5,1.5,3.0,0.0,Medium (2.2-3.0),
SC0,"(0, 0)","(0, 0)",0.388114791345231,0.2391213390532497,0.16677427501868655,True,True,0.7940104054171673,1.5,1.5,3.0,0.0,Medium (2.2-3.0),
I1,"(0, 1)","(0, 0)",0.5423811958303574,0.3320556791005532,0.10164527722437515,False,False,0.9760821521552857,1.5,1.5,3.0,0.0,Medium (2.2-3.0),
I1,"(0, 0)","(0, 0)",0.4616632973531772,0.22835411032319436,0.15748345618778348,True,True,0.847500863864155,1.5,1.5,3.0,0.0,Medium (2.2-3.0),
I1,"(1, 1)","(0, 0)",0.6839252058570401,0.2598607109713218,0.04936767100278217,False,False,0.993153587831144,1.5,1.5,3.0,0.0,Medium (2.2-3.0),
I1,"(1, 0)","(0, 0)",0.4188348121858312,0.26979317868520236,0.12354846866105507,False,True,0.8121764595320886,1.5,1.5,3.0,0.0,Medium (2.2-3.0),
I1,"(1, 0)","(0, 0)",0.347792822914595,0.2857283688049744,0.1280358676396555,False,True,0.7615570593592248,1.5,1.5,3.0,0.0,Medium (2.2-3.0),
SP1,"(1, 0)","(0, 0)",0.5041671535662963,0.2424270817224579,0.12327009026278922,False,True,0.8698643255515434,1.5,1.5,3.0,0.0,Medium (2.2-3.0),
SP1,"(2, 3)","(0, 0)",0.6079528885155819,0.20134094766085303,0.11352440725480972,False,False,0.9228182434312447,1.5,1.5,3.0,0.0,Medium (2.2-3.0),
SC0,"(0, 2)","(0, 0)",0.335115628054266,0.2214475035666277,0.19636753787623462,False,False,0.7529306694971283,1.5,1.5,3.0,0.0,Medium (2.2-3.0),
N1,"(1, 0)","(0, 0)",0.26840176420104694,0.2605497786372271,0.18116385634850257,False,True,0.7101153991867766,1.5,1.5,3.0,0.0,Medium (2.2-3.0),
N1,"(0, 0)","(0, 0)",0.25077587940513013,0.22720084808096858,0.2176453752543072,True,True,0.6956221027404059,1.5,1.5,3.0,0.0,Medium (2.2-3.0),
N1,"(1, 3)","(1, 1)",0.26485237560859104,0.2006701431483695,0.20039262308917785,False,False,0.6659151418461384,1.5,1.5,3.0,0.0,Medium (2.2-3.0),
SP1,"(0, 0)","(0, 0)",0.3907471968015652,0.242082043997338,0.16261517300044462,True,True,0.7954444137993478,1.5,1.5,3.0,0.0,Medium (2.2-3.0),
SP1,"(1, 0)","(0, 0)",0.6906877593351411,0.19171645433413786,0.06907646960548194,False,True,0.951480683274761,1.5,1.5,3.0,0.0,Medium (2.2-3.0),
SC0,"(1, 1)","(0, 0)",0.29402897491134317,0.25372979533544393,0.1712954537567193,False,True,0.7190542240035064,1.5,1.5,3.0,0.0,Medium (2.2-3.0),
F1,"(1, 2)","(0, 0)",0.2664151000890662,0.2220114490440843,0.20963637091054488,False,False,0.6980629200436954,1.5,1.5,3.0,0.0,Medium (2.2-3.0),
D1,"(1, 0)","(0, 0)",0.25820797507397114,0.24675047830706107,0.19833629700181932,False,False,0.7032947503828515,1.5,1.5,3.0,0.0,Medium (2.2-3.0),
D1,"(2, 2)","(0, 0)",0.34647701532090885,0.2455836686884372,0.16510253004931177,False,False,0.7571632140586578,1.5,1.5,3.0,0.0,Medium (2.2-3.0),
D1,"(0, 0)","(1, 0)",0.2558120823328136,0.23338749644588222,0.2049229339151635,False,True,0.6941225126938593,1.5,1.5,3.0,0.0,Medium (2.2-3.0),
E0,"(2, 0)","(0, 0)",0.39991393546969983,0.28926161799507455,0.11153676807524733,False,True,0.8007123215400217,1.5,1.5,3.0,0.0,Medium (2.2-3.0),
E0,"(1, 1)","(1, 1)",0.2334211629484739,0.2151696912922547,0.20802798580363652,True,True,0.6566188400443651,1.5,1.5,3.0,0.0,Medium (2.2-3.0),
E0,"(0, 0)","(0, 0)",0.3895532772639425,0.3683816276336974,0.1741803130642191,True,True,0.932115217961859,1.5,1.5,3.0,0.0,Medium (2.2-3.0),
E0,"(0, 1)","(1, 0)",0.3340830507119765,0.2899114531919941,0.20483212736438336,False,False,0.828826631268354,1.5,1.5,3.0,0.0,Medium (2.2-3.0),
E0,"(2, 0)","(0, 0)",0.3257164064704999,0.2562151796454075,0.1533325462617564,False,False,0.7352641323776637,1.5,1.5,3.0,0.0,Medium (2.2-3.0),
SC0,"(1, 0)","(0, 0)",0.44030725367474105,0.20538896156935765,0.19400192843464636,False,True,0.8396981436787451,1.5,1.5,3.0,0.0,Medium (2.2-3.0),
SP1,"(0, 0)","(0, 0)",0.4884482363690061,0.3504116575076696,0.1256922643738547,True,True,0.9645521582505304,1.5,1.5,3.0,0.0,Medium (2.2-3.0),
F1,"(0, 1)","(0, 0)",0.325522672516276,0.22227720978401672,0.19561760579613607,False,True,0.7434174880964288,1.5,1.5,3.0,0.0,Medium (2.2-3.0),
F1,"(1, 0)","(0, 0)",0.6194602485492636,0.18372367648893947,0.12615488004980369,False,True,0.9293388050880068,1.5,1.5,3.0,0.0,Medium (2.2-3.0),
F1,"(0, 0)","(0, 0)",0.3504756382344094,0.2611614459405947,0.14619453503451077,True,True,0.7578316192095148,1.5,1.5,3.0,0.0,Medium (2.2-3.0),
F1,"(1, 0)","(0, 0)",0.601706796605153,0.30576959133146364,0.07769152975378707,False,True,0.9851679176904038,1.5,1.5,3.0,0.0,Medium (2.2-3.0),
SP1,"(0, 0)","(0, 0)",0.3857711242886569,0.23431550133055928,0.173169138819529,True,True,0.7932557644387451,1.5,1.5,3.0,0.0,Medium (2.2-3.0),
D1,"(0, 1)","(0, 0)",0.32928057000568123,0.2849684307320185,0.13570466624977526,False,True,0.749953666987475,1.5,1.5,3.0,0.0,Medium (2.2-3.0),
F1,"(0, 2)","(0, 0)",0.3575513698793147,0.3452346511953657,0.17379164561569901,False,False,0.8765776666903794,1.5,1.5,3.0,0.0,Medium (2.2-3.0),
SC0,"(0, 2)","(1, 0)",0.34133436979402887,0.2554665401606077,0.22803211710120516,False,False,0.8248330270558417,1.5,1.5,3.0,0.0,Medium (2.2-3.0),
E0,"(0, 1)","(0, 0)",0.3619192647271968,0.3068739526563687,0.13906717013852063,False,False,0.8078603875220862,1.5,1.5,3.0,0.0,Medium (2.2-3.0),
E0,"(0, 1)","(0, 0)",0.35235109564439204,0.30684462107854443,0.14331465590175343,False,False,0.8025103726246899,1.5,1.5,3.0,0.0,Medium (2.2-3.0),
E0,"(0, 0)","(0, 0)",0.4427565102482642,0.23168720008488095,0.16042459849685953,True,True,0.8348683088300046,1.5,1.5,3.0,0.0,Medium (2.2-3.0),
E0,"(0, 1)","(0, 0)",0.4481302396974401,0.2344128518630644,0.15527173797514493,False,True,0.8378148295356495,1.5,1.5,3.0,0.0,Medium (2.2-3.0),
E0,"(0, 0)","(0, 0)",0.27852993237990753,0.214443739853359,0.20469825777180023,True,True,0.6976719300050667,1.5,1.5,3.0,0.0,Medium (2.2-3.0),
F1,"(0, 0)","(1, 0)",0.29978671711687443,0.22943102582771865,0.22059677184523466,False,True,0.7498145147898277,1.5,1.5,3.0,0.0,Medium (2.2-3.0),
SC0,"(0, 2)","(0, 0)",0.3319961737839924,0.246412038435981,0.1649581215933863,False,False,0.7433663338133597,1.5,1.5,3.0,0.0,Medium (2.2-3.0),
SC0,"(1, 1)","(0, 0)",0.5770088524016337,0.20998100382068777,0.12236907293759601,False,False,0.9093589291599175,1.5,1.5,3.0,0.0,Medium (2.2-3.0),
SC0,"(0, 0)","(1, 0)",0.28811046427446996,0.28609920710074077,0.16255591165984465,False,True,0.7367655830350553,1.5,1.5,3.0,0.0,Medium (2.2-3.0),
F1,"(1, 0)","(0, 0)",0.46721706618953907,0.2830796695867543,0.09367299877882244,False,True,0.8439697345551157,1.5,1.5,3.0,0.0,Medium (2.2-3.0),
I1,"(0, 0)","(0, 0)",0.4244690692367314,0.21817301841717163,0.18314302884986,True,True,0.825785116503763,1.5,1.5,3.0,0.0,Medium (2.2-3.0),
I1,"(2, 2)","(0, 0)",0.457204314617633,0.21817165774223496,0.17156913754727582,False,False,0.8469451099071439,1.5,1.5,3.0,0.0,Medium (2.2-3.0),
I1,"(3, 0)","(0, 0)",0.4263735546994304,0.2543578614110234,0.13895059238420404,False,False,0.8196820084946579,1.5,1.5,3.0,0.0,Medium (2.2-3.0),
I1,"(0, 1)","(0, 0)",0.42099922359717246,0.20500328076771607,0.20114352030419705,False,True,0.8271460246690855,1.5,1.5,3.0,0.0,Medium (2.2-3.0),
F1,"(1, 0)","(0, 0)",0.48368138375843256,0.21883633403456304,0.159833733950588,False,True,0.8623514517435835,1.5,1.5,3.0,0.0,Medium (2.2-3.0),
E0,"(0, 0)","(0, 0)",0.29749027278763784,0.2762328201651222,0.15254766704034534,True,True,0.7262707599931053,1.5,1.5,3.0,0.0,Medium (2.2-3.0),
SC0,"(1, 0)","(1, 0)",0.26833533086200795,0.23839844146185948,0.1899023152747774,True,True,0.6966360875986448,1.5,1.5,3.0,0.0,Medium (2.2-3.0),
E0,"(0, 2)","(0, 0)",0.371894118320373,0.369179886732987,0.18324273234508257,False,False,0.9243167373984426,1.5,1.5,3.0,0.0,Medium (2.2-3.0),
D1,"(2, 0)","(0, 0)",0.3174845529226636,0.31706662214988646,0.17068670570829958,False,True,0.8052378807808497,1.5,1.5,3.0,0.0,Medium (2.2-3.0),
D1,"(1, 2)","(0, 0)",0.2401094407929017,0.2262841430165555,0.22574449806307165,False,False,0.6921380818725288,1.5,1.5,3.0,0.0,Medium (2.2-3.0),
D1,"(0, 3)","(1, 1)",0.25527864711639076,0.21819051024168484,0.2007173256039985,False,False,0.6741864829620741,1.5,1.5,3.0,0.0,Medium (2.2-3.0),
D1,"(0, 1)","(0, 0)",0.438077221284591,0.21012886802694514,0.18874525771204526,False,True,0.8369513470235814,1.5,1.5,3.0,0.0,Medium (2.2-3.0),
D1,"(2, 2)","(2, 0)",0.289087246175166,0.2597295808138081,0.2118016903534221,False,False,0.7606185173423963,1.5,1.5,3.0,0.0,Medium (2.2-3.0),
SP1,"(0, 0)","(0, 0)",0.3003356672826081,0.25282310768492666,0.16813016053085525,True,True,0.72128893549839,1.5,1.5,3.0,0.0,Medium (2.2-3.0),
D1,"(0, 0)","(0, 0)",0.7295621194982385,0.23005337636651388,0.03627145280927697,True,True,0.9958869486740294,1.5,1.5,3.0,0.0,Medium (2.2-3.0),
SP1,"(2, 0)","(1, 0)",0.35860203620618397,0.30390742871847604,0.2164297930415496,False,True,0.8789392579662096,1.5,1.5,3.0,0.0,Medium (2.2-3.0),
N1,"(1, 2)","(1, 0)",0.2629895140365598,0.23145951399186288,0.19873868174938497,False,False,0.6931877097778076,1.5,1.5,3.0,0.0,Medium (2.2-3.0),
N1,"(0, 1)","(0, 1)",0.301793791806525,0.2825872008919535,0.17854162973156543,True,True,0.7629226224300438,1.5,1.5,3.0,0.0,Medium (2.2-3.0),
N1,"(0, 1)","(1, 0)",0.2927696834608676,0.23123137165267396,0.210475401336374,False,False,0.7344764564499155,1.5,1.5,3.0,0.0,Medium (2.2-3.0),
SP1,"(1, 0)","(1, 0)",0.2827528041044288,0.24104483707260652,0.19147233167824762,True,True,0.7152699728552829,1.5,1.5,3.0,0.0,Medium (2.2-3.0),
SP1,"(1, 1)","(1, 0)",0.3035909349425719,0.2781667184608731,0.1753279326952252,False,False,0.7570855860986702,1.5,1.5,3.0,0.0,Medium (2.2-3.0),
N1,"(0, 0)","(1, 0)",0.3034890342557292,0.29770747413279464,0.17000142653420164,False,True,0.7711979349227254,1.5,1.5,3.0,0.0,Medium (2.2-3.0),
N1,"(1, 0)","(1, 0)",0.314656864948396,0.29148618443489954,0.18524923980211666,True,True,0.7913922891854122,1.5,1.5,3.0,0.0,Medium (2.2-3.0),
SP1,"(0, 1)","(1, 0)",0.2634844102664327,0.20667856074544436,0.2012363226833648,False,False,0.6713992936952419,1.5,1.5,3.0,0.0,Medium (2.2-3.0),
SC0,"(1, 0)","(0, 0)",0.382081013994958,0.24371510260564938,0.1624086293777326,False,True,0.78820474597834,1.5,1.5,3.0,0.0,Medium (2.2-3.0),
SP1,"(0, 0)","(1, 0)",0.29837664108466944,0.22546380650837505,0.22276308703128697,False,True,0.7466035346243315,1.5,1.5,3.0,0.0,Medium (2.2-3.0),
N1,"(2, 0)","(0, 0)",0.411615715277992,0.2523226550400646,0.14543624764731647,False,False,0.809374617965373,1.5,1.5,3.0,0.0,Medium (2.2-3.0),
I1,"(0, 1)","(0, 0)",0.30793947275889993,0.23241908837353914,0.18217181386685893,False,True,0.722530374999298,1.5,1.5,3.0,0.0,Medium (2.2-3.0),
I1,"(1, 0)","(1, 0)",0.3346979016091855,0.2900623678752489,0.20526063609526168,True,True,0.8300209055796961,1.5,1.5,3.0,0.0,Medium (2.2-3.0),
N1,"(1, 1)","(1, 0)",0.2866021376929962,0.2592753128995322,0.18026016469120654,False,False,0.7261376152837349,1.5,1.5,3.0,0.0,Medium (2.2-3.0),
I1,"(0, 0)","(0, 0)",0.35906413594468195,0.2853460361111364,0.1231277967236063,True,True,0.7675379687794247,1.5,1.5,3.0,0.0,Medium (2.2-3.0),
I1,"(0, 1)","(0, 0)",0.4458049695791196,0.3608163754181782,0.14601503533352428,False,False,0.952636380330822,1.5,1.5,3.0,0.0,Medium (2.2-3.0),
F1,"(1, 1)","(0, 0)",0.39854465701624114,0.23814647931159807,0.16561594535476307,False,False,0.8023070816826023,1.5,1.5,3.0,0.0,Medium (2.2-3.0),
F1,"(0, 1)","(0, 0)",0.24136640629045517,0.22933043576250825,0.22007672298279848,False,False,0.6907735650357619,1.5,1.5,3.0,0.0,Medium (2.2-3.0),
SP1,"(0, 0)","(0, 0)",0.3733010858582226,0.24185458985921865,0.1662481120958068,True,True,0.781403787813248,1.5,1.5,3.0,0.0,Medium (2.2-3.0),
N1,"(0, 0)","(2, 0)",0.2648683466407157,0.21603780327677993,0.2058583701785065,False,False,0.6867645200960021,1.5,1.5,3.0,0.0,Medium (2.2-3.0),
SP1,"(0, 0)","(0, 0)",0.3362484558116208,0.22520792756128977,0.19140317831099413,True,True,0.7528595616839047,1.5,1.5,3.0,0.0,Medium (2.2-3.0),
N1,"(1, 1)","(2, 0)",0.2758975219263766,0.22935551380278216,0.21231025879245216,False,False,0.7175632945216109,1.5,1.5,3.0,0.0,Medium (2.2-3.0),
E0,"(1, 0)","(0, 0)",0.44908990087057843,0.30059842206070597,0.10490571029270859,False,True,0.854594033223993,1.5,1.5,3.0,0.0,Medium (2.2-3.0),
F1,"(0, 0)","(0, 0)",0.34483971273807845,0.24771033260819514,0.16265348638712449,True,True,0.755203531733398,1.5,1.5,3.0,0.0,Medium (2.2-3.0),
F1,"(1, 1)","(0, 0)",0.29785404392028514,0.29270711034693275,0.15957236370615227,False,False,0.7501335179733701,1.5,1.5,3.0,0.0,Medium (2.2-3.0),
E0,"(2, 0)","(0, 0)",0.3832365162090652,0.23696637828363337,0.17041348500601916,False,False,0.7906163794987177,1.5,1.5,3.0,0.0,Medium (2.2-3.0),
F1,"(0, 1)","(0, 0)",0.41422326525497993,0.29088098394912193,0.10824474767998973,False,False,0.8133489968840916,1.5,1.5,3.0,0.0,Medium (2.2-3.0),
D1,"(0, 0)","(1, 0)",0.27634606061557054,0.26900316587106365,0.16891607094084019,False,False,0.7142652974274744,1.5,1.5,3.0,0.0,Medium (2.2-3.0),
D1,"(0, 1)","(0, 0)",0.381878782311179,0.21596288667446611,0.1972772301294692,False,True,0.7951188991151144,1.5,1.5,3.0,0.0,Medium (2.2-3.0),
E0,"(0, 1)","(1, 0)",0.28021793862759303,0.24808819157198253,0.18252128219520386,False,False,0.7108274123947793,1.5,1.5,3.0,0.0,Medium (2.2-3.0),
I1,"(1, 1)","(0, 0)",0.5409439666331802,0.22622869077905705,0.12375653006113702,False,False,0.8909291874733742,1.5,1.5,3.0,0.0,Medium (2.2-3.0),
I1,"(1, 1)","(0, 0)",0.37875761822614595,0.2509247242106423,0.15438247338074174,False,False,0.7840648158175301,1.5,1.5,3.0,0.0,Medium (2.2-3.0),
SP1,"(0, 0)","(0, 0)",0.3164996007802526,0.23539961037540735,0.17871812867385065,True,True,0.7306173398295106,1.5,1.5,3.0,0.0,Medium (2.2-3.0),
SC0,"(2, 0)","(0, 0)",0.4934243434780606,0.21342119941282112,0.16200194451248773,False,False,0.8688474874033695,1.5,1.5,3.0,0.0,Medium (2.2-3.0),
F1,"(0, 1)","(0, 0)",0.3340585599339458,0.2818857536145446,0.13091004098889591,False,True,0.7468543545373862,1.5,1.5,3.0,0.0,Medium (2.2-3.0),
N1,"(2, 1)","(0, 0)",0.3598633502810781,0.20970651011683183,0.20948488434872234,False,False,0.7790547447466323,1.5,1.5,3.0,0.0,Medium (2.2-3.0),
SP1,"(0, 0)","(0, 0)",0.9193551873090391,0.07730193139502987,0.0032498802856013175,True,True,0.9999069989896703,1.5,1.5,3.0,0.0,Medium (2.2-3.0),
D1,"(0, 0)","(0, 1)",0.3291889778025264,0.2639723864959148,0.21113849047253377,False,True,0.804299854770975,1.5,1.5,3.0,0.0,Medium (2.2-3.0),
I1,"(1, 0)","(0, 0)",0.43959867632467287,0.3513213057540452,0.1425729050021274,False,True,0.9334928870808454,1.5,1.5,3.0,0.0,Medium (2.2-3.0),
I1,"(0, 1)","(0, 0)",0.31507883498893263,0.25480776216495693,0.15811156405337845,False,False,0.727998161207268,1.5,1.5,3.0,0.0,Medium (2.2-3.0),
D1,"(1, 1)","(2, 0)",0.28894323925185633,0.2582405581111248,0.21003893307247093,False,False,0.7572227304354521,1.5,1.5,3.0,0.0,Medium (2.2-3.0),
D1,"(1, 0)","(0, 0)",0.33217200168256267,0.21132841881115605,0.21000751483711555,False,True,0.7535079353308343,1.5,1.5,3.0,0.0,Medium (2.2-3.0),
D1,"(0, 1)","(0, 0)",0.26171579214673585,0.24748188891834433,0.19558691060929542,False,False,0.7047845916743757,1.5,1.5,3.0,0.0,Medium (2.2-3.0),
I1,"(1, 1)","(0, 0)",0.3789796790803371,0.2412664424046436,0.1659643674911912,False,False,0.7862104889761719,1.5,1.5,3.0,0.0,Medium (2.2-3.0),
F1,"(0, 1)","(1, 0)",0.3576918822022495,0.2739142029720496,0.23354663833631772,False,False,0.8651527235106168,1.5,1.5,3.0,0.0,Medium (2.2-3.0),
F1,"(1, 1)","(0, 0)",0.3253378509072903,0.2777693979005487,0.1368328800240592,False,True,0.7399401288318983,1.5,1.5,3.0,0.0,Medium (2.2-3.0),
F1,"(0, 0)","(0, 0)",0.3047324822167969,0.2252986635469857,0.1911492147379514,True,True,0.721180360501734,1.5,1.5,3.0,0.0,Medium (2.2-3.0),
SC0,"(1, 0)","(0, 0)",0.29263090338374154,0.22051352654124518,0.19629949097926302,False,True,0.7094439209042498,1.5,1.5,3.0,0.0,Medium (2.2-3.0),
SC0,"(0, 0)","(0, 0)",0.37090577300109556,0.28296764342008524,0.11903399931376231,True,True,0.7729074157349431,1.5,1.5,3.0,0.0,Medium (2.2-3.0),
SC0,"(2, 1)","(0, 0)",0.4610275822718497,0.3189324825032026,0.11363199014865943,False,False,0.8935920549237117,1.5,1.5,3.0,0.0,Medium (2.2-3.0),
D1,"(1, 0)","(0, 0)",0.38329952757159985,0.36875484121775365,0.1773810338132099,False,True,0.9294354026025634,1.5,1.5,3.0,0.0,Medium (2.2-3.0),
E0,"(0, 2)","(0, 0)",0.49305873669406836,0.20967381827135267,0.16671611752706902,False,False,0.8694486724924901,1.5,1.5,3.0,0.0,Medium (2.2-3.0),
E0,"(0, 3)","(0, 0)",0.44982606201488057,0.24633360911979016,0.14065609387984454,False,False,0.8368157650145153,1.5,1.5,3.0,0.0,Medium (2.2-3.0),
E0,"(1, 2)","(0, 0)",0.33052990032079815,0.26193202957491946,0.14652003893016743,False,False,0.7389819688258851,1.5,1.5,3.0,0.0,Medium (2.2-3.0),
SP1,"(2, 0)","(0, 0)",0.3855483962783081,0.3497753970259249,0.16366089265581849,False,True,0.8989846859600515,1.5,1.5,3.0,0.0,Medium (2.2-3.0),
D1,"(3, 0)","(0, 1)",0.25496814362080755,0.2179786617999869,0.2134008957165103,False,False,0.6863477011373048,1.5,1.5,3.0,0.0,Medium (2.2-3.0),
SP1,"(2, 1)","(1, 0)",0.3670852875948387,0.3234461022609094,0.20830612492570305,False,False,0.8988375147814511,1.5,1.5,3.0,0.0,Medium (2.2-3.0),
N1,"(2, 0)","(0, 0)",0.3994381894627617,0.2557026228620463,0.14450424028136588,False,False,0.7996450526061739,1.5,1.5,3.0,0.0,Medium (2.2-3.0),
E0,"(0, 0)","(1, 0)",0.27647661029840354,0.2259459264570272,0.19814507283196298,False,True,0.7005676095873936,1.5,1.5,3.0,0.0,Medium (2.2-3.0),
E0,"(2, 0)","(1, 0)",0.2738479717899917,0.24551951784318599,0.18092538505222552,False,False,0.7002928746854032,1.5,1.5,3.0,0.0,Medium (2.2-3.0),
SP1,"(0, 2)","(1, 0)",0.27589370582981154,0.2523982071387127,0.17421051342127009,False,False,0.7025024263897943,1.5,1.5,3.0,0.0,Medium (2.2-3.0),
N1,"(1, 0)","(0, 0)",0.29990575902742866,0.2909008695676795,0.15663134019574068,False,True,0.7474379687908488,1.5,1.5,3.0,0.0,Medium (2.2-3.0),
N1,"(1, 0)","(1, 0)",0.2832758779438171,0.24462626263506493,0.18800521906036138,True,True,0.7159073596392433,1.5,1.5,3.0,0.0,Medium (2.2-3.0),
I1,"(0, 0)","(0, 0)",0.36972777177293126,0.2452604258464579,0.16268950090494197,True,True,0.7776776985243311,1.5,1.5,3.0,0.0,Medium (2.2-3.0),
I1,"(2, 1)","(0, 0)",0.3697333750882641,0.24441581334257745,0.1637118320880301,False,False,0.7778610205188716,1.5,1.5,3.0,0.0,Medium (2.2-3.0),
SP1,"(0, 0)","(0, 0)",0.4315006782992383,0.23026662995316477,0.16591642740531315,True,True,0.8276837356577162,1.5,1.5,3.0,0.0,Medium (2.2-3.0),
SC0,"(0, 2)","(0, 0)",0.5599603845726794,0.26202627016072616,0.07494625262110151,False,False,0.8969329073545071,1.5,1.5,3.0,0.0,Medium (2.2-3.0),
D1,"(2, 0)","(0, 0)",0.37272863612046475,0.21941430440767334,0.19456808281094248,False,False,0.7867110233390806,1.5,1.5,3.0,0.0,Medium (2.2-3.0),
F1,"(0, 1)","(0, 0)",0.573363794703729,0.218457151213123,0.1149060623354263,False,True,0.9067270082522784,1.5,1.5,3.0,0.0,Medium (2.2-3.0),
F1,"(1, 0)","(0, 0)",0.4060019144434974,0.2463941087740323,0.15386623147297507,False,True,0.8062622546905048,1.5,1.5,3.0,0.0,Medium (2.2-3.0),
F1,"(2, 1)","(0, 1)",0.23508815725506618,0.22671028125457224,0.20908161389287844,False,False,0.6708800524025169,1.5,1.5,3.0,0.0,Medium (2.2-3.0),
F1,"(0, 0)","(0, 0)",0.5100617501563685,0.2932989684647836,0.08675547205871108,True,True,0.890116190679863,1.5,1.5,3.0,0.0,Medium (2.2-3.0),
F1,"(0, 0)","(0, 0)",0.376305943388056,0.2334762026600892,0.17605000198807655,True,True,0.7858321480362217,1.5,1.5,3.0,0.0,Medium (2.2-3.0),
D1,"(0, 0)","(0, 0)",0.33317732924416144,0.26945939214758874,0.13846387687257256,True,True,0.7411005982643227,1.5,1.5,3.0,0.0,Medium (2.2-3.0),
D1,"(1, 0)","(0, 0)",0.2954910740376196,0.26381821588609533,0.16323070339034151,False,True,0.7225399933140564,1.5,1.5,3.0,0.0,Medium (2.2-3.0),
N1,"(0, 0)","(0, 0)",0.4052061303814513,0.25359260066825273,0.14558627890300072,True,True,0.8043850099527048,1.5,1.5,3.0,0.0,Medium (2.2-3.0),
N1,"(0, 1)","(0, 0)",0.2880037113066337,0.28046483315714954,0.15398388748576855,False,False,0.7224524319495518,1.5,1.5,3.0,0.0,Medium (2.2-3.0),
SC0,"(0, 0)","(1, 0)",0.3216729176152231,0.30981191387646634,0.17984500351644156,False,True,0.811329835008131,1.5,1.5,3.0,0.0,Medium (2.2-3.0),
SP1,"(0, 0)","(0, 0)",0.3629349502164562,0.25014163079864243,0.15779932613218706,True,True,0.7708759071472857,1.5,1.5,3.0,0.0,Medium (2.2-3.0),
SP1,"(1, 0)","(0, 0)",0.342292944182441,0.28589973998977536,0.13054453977604655,False,False,0.7587372239482628,1.5,1.5,3.0,0.0,Medium (2.2-3.0),
SP1,"(0, 1)","(0, 0)",0.4476484101379576,0.2032321219745295,0.194024558023109,False,True,0.8449050901355961,1.5,1.5,3.0,0.0,Medium (2.2-3.0),
SP1,"(0, 0)","(0, 0)",0.3149544863976274,0.2680267697766738,0.14934974262059722,True,True,0.7323309987948984,1.5,1.5,3.0,0.0,Medium (2.2-3.0),
I1,"(2, 0)","(0, 0)",0.4627211931260433,0.30382603082305876,0.10344431301618381,False,True,0.8699915369652859,1.5,1.5,3.0,0.0,Medium (2.2-3.0),
I1,"(1, 0)","(0, 0)",0.39452664796911796,0.329166803245647,0.14323261063380982,False,True,0.8669260618485748,1.5,1.5,3.0,0.0,Medium (2.2-3.0),
N1,"(2, 0)","(1, 0)",0.34108684733010536,0.2959286667131333,0.20676419991799527,False,True,0.843779713961234,1.5,1.5,3.0,0.0,Medium (2.2-3.0),
I1,"(0, 1)","(0, 0)",0.4861591665770802,0.1934455516995393,0.19011084100512765,False,True,0.8697155592817472,1.5,1.5,3.0,0.0,Medium (2.2-3.0),
E0,"(1, 0)","(0, 0)",0.4108557567987362,0.2209055959293672,0.18378380562639599,False,True,0.8155451583544994,1.5,1.5,3.0,0.0,Medium (2.2-3.0),
E0,"(0, 0)","(1, 0)",0.36783959312984305,0.3309123816281991,0.20444379507375648,False,True,0.9031957698317987,1.5,1.5,3.0,0.0,Medium (2.2-3.0),
E0,"(0, 1)","(0, 0)",0.8273469419858214,0.1568094604457469,0.014860275440353083,False,False,0.9990166778719214,1.5,1.5,3.0,0.0,Medium (2.2-3.0),
I1,"(0, 0)","(0, 0)",0.669110565620585,0.2688944962208779,0.054030121337883194,True,True,0.9920351831793461,1.5,1.5,3.0,0.0,Medium (2.2-3.0),
SC0,"(0, 0)","(0, 0)",0.521514719447178,0.2721461962505035,0.08299578321788768,True,True,0.8766566989155692,1.5,1.5,3.0,0.0,Medium (2.2-3.0),
N1,"(0, 1)","(1, 1)",0.24843721330200874,0.2212877836976546,0.21458577026932305,False,False,0.6843107672689863,1.5,1.5,3.0,0.0,Medium (2.2-3.0),
E0,"(0, 0)","(0, 0)",0.3854737888687301,0.31612720772274233,0.1366509081729687,True,True,0.8382519047644412,1.5,1.5,3.0,0.0,Medium (2.2-3.0),
E0,"(0, 0)","(0, 0)",0.4734248105477822,0.2902040639815185,0.0925558139099263,True,True,0.856184688439227,1.5,1.5,3.0,0.0,Medium (2.2-3.0),
SP1,"(1, 0)","(0, 0)",0.7995803925305027,0.1788438032413581,0.020001182030369394,False,False,0.9984253778022302,1.5,1.5,3.0,0.0,Medium (2.2-3.0),
I1,"(1, 2)","(0, 0)",0.5439094582787051,0.29448122733213544,0.0812943962937701,False,False,0.9196850819046106,1.5,1.5,3.0,0.0,Medium (2.2-3.0),
E0,"(0, 0)","(0, 0)",0.3270607141421939,0.2802515164861224,0.13413065241068606,True,True,0.7414428830390023,1.5,1.5,3.0,0.0,Medium (2.2-3.0),
N1,"(1, 0)","(1, 0)",0.2761969819592344,0.2519060720568953,0.17556723964260065,True,True,0.7036702936587305,1.5,1.5,3.0,0.0,Medium (2.2-3.0),
E0,"(1, 3)","(0, 0)",0.36652986605743937,0.2382037252291396,0.17180410584077635,False,False,0.7765376971273553,1.5,1.5,3.0,0.0,Medium (2.2-3.0),
SP1,"(1, 1)","(0, 0)",0.28502709875457544,0.24313905300228236,0.18395933072347678,False,True,0.7121254824803346,1.5,1.5,3.0,0.0,Medium (2.2-3.0),
E0,"(0, 0)","(0, 0)",0.36258877588302885,0.22465834625419212,0.18944293803313295,True,True,0.7766900601703539,1.5,1.5,3.0,0.0,Medium (2.2-3.0),
E0,"(0, 0)","(1, 0)",0.26650973974934977,0.22449269433743113,0.19787404434502162,False,True,0.6888764784318026,1.5,1.5,3.0,0.0,Medium (2.2-3.0),
E0,"(2, 0)","(0, 0)",0.40359359948210943,0.31870203339393544,0.13171292485244937,False,True,0.8540085577284942,1.5,1.5,3.0,0.0,Medium (2.2-3.0),
E0,"(2, 2)","(0, 0)",0.42969565838589346,0.3184788696322755,0.12262696943056933,False,False,0.8708014974487384,1.5,1.5,3.0,0.0,Medium (2.2-3.0),
E0,"(1, 0)","(0, 0)",0.31884926527898794,0.30137914953093126,0.15542629647278566,False,True,0.7756547112827048,1.5,1.5,3.0,0.0,Medium (2.2-3.0),
E0,"(0, 1)","(0, 0)",0.3871858866194613,0.20908977015331098,0.20514016133271554,False,True,0.8014158181054878,1.5,1.5,3.0,0.0,Medium (2.2-3.0),
SC0,"(0, 0)","(1, 0)",0.2841377581454067,0.2563174176460032,0.17832525304210936,False,True,0.7187804288335192,1.5,1.5,3.0,0.0,Medium (2.2-3.0),
SC0,"(0, 0)","(0, 0)",0.30379627886100624,0.24550120321817742,0.1706705501820275,True,True,0.7199680322612111,1.5,1.5,3.0,0.0,Medium (2.2-3.0),
SC0,"(1, 1)","(0, 0)",0.3802207994490557,0.27267671333251936,0.1289737112937741,False,False,0.7818712240753491,1.5,1.5,3.0,0.0,Medium (2.2-3.0),
SC0,"(1, 0)","(0, 0)",0.3763120442909772,0.26463778906261853,0.13878337932614646,False,True,0.7797332126797422,1.5,1.5,3.0,0.0,Medium (2.2-3.0),
SC0,"(0, 0)","(1, 0)",0.3459218060462601,0.29610731572595045,0.21081781389310764,False,True,0.8528469356653181,1.5,1.5,3.0,0.0,Medium (2.2-3.0),
E0,"(0, 0)","(0, 0)",0.36826655186374163,0.22028523666718894,0.19420776944463497,True,True,0.7827595579755655,1.5,1.5,3.0,0.0,Medium (2.2-3.0),
SP1,"(0, 2)","(0, 0)",0.4302417260993998,0.2348232208143294,0.16080129909062246,False,False,0.8258662460043517,1.5,1.5,3.0,0.0,Medium (2.2-3.0),
E0,"(0, 0)","(1, 0)",0.33684433429539135,0.24425865637850913,0.24279569224066452,False,True,0.823898682914565,1.5,1.5,3.0,0.0,Medium (2.2-3.0),
N1,"(0, 0)","(1, 0)",0.3088706352564002,0.2885699571097325,0.18146549218694666,False,True,0.7789060845530793,1.5,1.5,3.0,0.0,Medium (2.2-3.0),
SP1,"(0, 0)","(1, 0)",0.3557889786482879,0.2901595220748279,0.22367136670341586,False,True,0.8696198674265316,1.5,1.5,3.0,0.0,Medium (2.2-3.0),
F1,"(1, 0)","(1, 0)",0.29400815629825056,0.26615310638801243,0.1827010520830546,True,True,0.7428623147693176,1.5,1.5,3.0,0.0,Medium (2.2-3.0),
D1,"(0, 0)","(0, 0)",0.45954428524930724,0.22241955633955762,0.16546664129612254,True,True,0.8474304828849875,1.5,1.5,3.0,0.0,Medium (2.2-3.0),
F1,"(1, 0)","(0, 0)",0.47772503647500564,0.21166717065341303,0.17113823472153833,False,True,0.860530441849957,1.5,1.5,3.0,0.0,Medium (2.2-3.0),
SP1,"(1, 4)","(1, 0)",0.26522842158199295,0.20670344470324153,0.20326071134961565,False,False,0.6751925776348502,1.5,1.5,3.0,0.0,Medium (2.2-3.0),
SP1,"(1, 0)","(0, 0)",0.34429257275409,0.25045888280865863,0.15938085266113308,False,True,0.7541323082238818,1.5,1.5,3.0,0.0,Medium (2.2-3.0),
SP1,"(1, 0)","(0, 0)",0.47229911546897885,0.23201692020388245,0.14891868221204155,False,True,0.8532347178849028,1.5,1.5,3.0,0.0,Medium (2.2-3.0),
F1,"(2, 0)","(0, 0)",0.3224799312405332,0.2237673872164759,0.1936995049436715,False,False,0.7399468234006806,1.5,1.5,3.0,0.0,Medium (2.2-3.0),
SC0,"(0, 1)","(0, 0)",0.2544473844963029,0.22421638166190955,0.212085085067421,False,True,0.6907488512256335,1.5,1.5,3.0,0.0,Medium (2.2-3.0),
F1,"(1, 1)","(0, 0)",0.34958577558350107,0.27411290487551687,0.13143353483907327,False,False,0.7551322152980912,1.5,1.5,3.0,0.0,Medium (2.2-3.0),
SC0,"(1, 0)","(1, 0)",0.34270611490452507,0.3196303194166902,0.19289574225821426,True,True,0.8552321765794295,1.5,1.5,3.0,0.0,Medium (2.2-3.0),
SC0,"(1, 0)","(0, 0)",0.2877333711010183,0.2651881390680524,0.1665501411257673,False,True,0.719471651294838,1.5,1.5,3.0,0.0,Medium (2.2-3.0),
SC0,"(0, 2)","(0, 0)",0.43116006834004245,0.2903091742496906,0.10303038040949943,False,False,0.8244996229992325,1.5,1.5,3.0,0.0,Medium (2.2-3.0),
SC0,"(2, 0)","(0, 0)",0.4346238195124033,0.26085293694442363,0.12902892760654658,False,False,0.8245056840633735,1.5,1.5,3.0,0.0,Medium (2.2-3.0),
SP1,"(0, 0)","(0, 0)",0.3399033805104332,0.2385550898845486,0.1742388300338639,True,True,0.7526973004288456,1.5,1.5,3.0,0.0,Medium (2.2-3.0),
F1,"(1, 0)","(0, 0)",0.3441890178882513,0.22137793159426916,0.1958266141268952,False,True,0.7613935636094156,1.5,1.5,3.0,0.0,Medium (2.2-3.0),
E0,"(0, 0)","(0, 0)",0.5386837752204079,0.22859292239244647,0.12224709507160797,True,True,0.8895237926844624,1.5,1.5,3.0,0.0,Medium (2.2-3.0),
E0,"(1, 0)","(0, 0)",0.37010175790239025,0.3285013572998282,0.15321265261329817,False,True,0.8518157678155167,1.5,1.5,3.0,0.0,Medium (2.2-3.0),
N1,"(0, 0)","(0, 0)",0.3443818829979893,0.24477479085496195,0.166257620724248,True,True,0.7554142945771992,1.5,1.5,3.0,0.0,Medium (2.2-3.0),
N1,"(4, 0)","(1, 1)",0.2600364483649263,0.2074708821028403,0.19054680281099606,False,False,0.6580541332787626,1.5,1.5,3.0,0.0,Medium (2.2-3.0),
I1,"(2, 1)","(0, 0)",0.4202645809103316,0.3073237316743722,0.11777756559350407,False,False,0.8453658781782079,1.5,1.5,3.0,0.0,Medium (2.2-3.0),
I1,"(1, 0)","(0, 0)",0.46361109004246387,0.284007684240993,0.09397604364858525,False,True,0.841594817932042,1.5,1.5,3.0,0.0,Medium (2.2-3.0),
I1,"(2, 0)","(1, 1)",0.24198885766282305,0.22386495161533038,0.22012855097447037,False,False,0.6859823602526238,1.5,1.5,3.0,0.0,Medium (2.2-3.0),
E0,"(2, 0)","(0, 0)",0.34223456171171396,0.2691674121142958,0.13761500602896368,False,False,0.7490169798549734,1.5,1.5,3.0,0.0,Medium (2.2-3.0),
N1,"(1, 1)","(1, 0)",0.33045097317563316,0.31550439579796646,0.1846911256529571,False,False,0.8306464946265567,1.5,1.5,3.0,0.0,Medium (2.2-3.0),
D1,"(2, 0)","(1, 1)",0.2347399718533565,0.22936563289508738,0.19087922072158614,False,True,0.65498482547003,1.5,1.5,3.0,0.0,Medium (2.2-3.0),
D1,"(2, 0)","(0, 0)",0.29868067541014476,0.24949853548656734,0.17130815987572467,False,False,0.7194873707724367,1.5,1.5,3.0,0.0,Medium (2.2-3.0),
D1,"(0, 1)","(0, 0)",0.3294098835369394,0.22049351590383576,0.19786686643164136,False,True,0.7477702658724166,1.5,1.5,3.0,0.0,Medium (2.2-3.0),
D1,"(0, 1)","(0, 0)",0.450125119192791,0.27968623078606564,0.10323447082855541,False,True,0.8330458208074121,1.5,1.5,3.0,0.0,Medium (2.2-3.0),
D1,"(0, 0)","(0, 0)",0.32199213048986125,0.31137971402680337,0.16278177507664982,True,True,0.7961536195933144,1.5,1.5,3.0,0.0,Medium (2.2-3.0),
D1,"(2, 0)","(0, 1)",0.2912273492712193,0.24037022249253825,0.19974369084081073,False,False,0.7313412626045683,1.5,1.5,3.0,0.0,Medium (2.2-3.0),
N1,"(0, 2)","(0, 1)",0.2594273427894043,0.24480220750194281,0.19531000226346382,False,False,0.699539552554811,1.5,1.5,3.0,0.0,Medium (2.2-3.0),
E0,"(0, 0)","(1, 0)",0.3151917628626703,0.265191998825072,0.19936923680472018,False,True,0.7797529984924625,1.5,1.5,3.0,0.0,Medium (2.2-3.0),
E0,"(2, 0)","(0, 0)",0.27241816425562115,0.2253606780345117,0.20339433859530098,False,False,0.7011731808854338,1.5,1.5,3.0,0.0,Medium (2.2-3.0),
E0,"(2, 0)","(0, 0)",0.4206269001070014,0.23164524674794407,0.16761275443476967,False,False,0.8198849012897151,1.5,1.5,3.0,0.0,Medium (2.2-3.0),
E0,"(2, 0)","(0, 0)",0.32240298312771504,0.2636817256010674,0.14819260555162334,False,False,0.7342773142804058,1.5,1.5,3.0,0.0,Medium (2.2-3.0),
SP1,"(1, 0)","(0, 0)",0.31102921887924023,0.22211783640751767,0.19565915188727867,False,True,0.7288062071740365,1.5,1.5,3.0,0.0,Medium (2.2-3.0),
SC0,"(0, 1)","(0, 0)",0.44343217517197003,0.23803116560041374,0.15260976845645727,False,True,0.834073109228841,1.5,1.5,3.0,0.0,Medium (2.2-3.0),
I1,"(0, 0)","(0, 0)",0.43959539608922693,0.21643030860543805,0.18025648818822745,True,True,0.8362821928828924,1.5,1.5,3.0,0.0,Medium (2.2-3.0),
SP1,"(1, 0)","(0, 0)",0.42182955011797185,0.2633359924188953,0.1299922037491041,False,True,0.8151577462859714,1.5,1.5,3.0,0.0,Medium (2.2-3.0),
I1,"(0, 0)","(0, 1)",0.29100908702696004,0.27157320123876194,0.1754906185335298,False,True,0.7380729067992517,1.5,1.5,3.0,0.0,Medium (2.2-3.0),
I1,"(1, 1)","(0, 0)",0.35551335243539445,0.25495256297140007,0.15297711311910936,False,False,0.7634430285259038,1.5,1.5,3.0,0.0,Medium (2.2-3.0),
I1,"(1, 0)","(0, 0)",0.3501425780620971,0.2286757865507602,0.18583864346258083,False,True,0.7646570080754381,1.5,1.5,3.0,0.0,Medium (2.2-3.0),
E0,"(1, 1)","(0, 0)",0.35445722481100633,0.21832439706869586,0.19875866248875534,False,False,0.7715402843684576,1.5,1.5,3.0,0.0,Medium (2.2-3.0),
D1,"(1, 0)","(0, 0)",0.266738538257261,0.24505305919788625,0.1942696735284372,False,True,0.7060612709835844,1.5,1.5,3.0,0.0,Medium (2.2-3.0),
E0,"(0, 0)","(1, 0)",0.30970638785760485,0.2628855197309648,0.20221713737388594,False,True,0.7748090449624556,1.5,1.5,3.0,0.0,Medium (2.2-3.0),
D1,"(0, 1)","(0, 0)",0.32804098380931795,0.28523306725652064,0.13651984890175592,False,False,0.7497938999675945,1.5,1.5,3.0,0.0,Medium (2.2-3.0),
F1,"(0, 0)","(0, 0)",0.39067492410972215,0.26350208861510727,0.1374042363337392,True,True,0.7915812490585686,1.5,1.5,3.0,0.0,Medium (2.2-3.0),
F1,"(0, 1)","(0, 0)",0.3070977381378262,0.2620627763721715,0.15791163089660423,False,False,0.7270721454066019,1.5,1.5,3.0,0.0,Medium (2.2-3.0),
F1,"(2, 1)","(1, 0)",0.3351356273123613,0.3138004387184132,0.1902258704897906,False,False,0.839161936520565,1.5,1.5,3.0,0.0,Medium (2.2-3.0),
N1,"(2, 1)","(2, 0)",0.26051087269429574,0.24507526197739465,0.17587356661951686,False,False,0.6814597012912071,1.5,1.5,3.0,0.0,Medium (2.2-3.0),
N1,"(0, 0)","(0, 0)",0.48090984480213306,0.2520460442588254,0.12238328308724762,True,True,0.8553391721482061,1.5,1.5,3.0,0.0,Medium (2.2-3.0),
N1,"(1, 0)","(0, 0)",0.3119832840365307,0.29241637458367614,0.1510948969138019,False,True,0.7554945555340087,1.5,1.5,3.0,0.0,Medium (2.2-3.0),
N1,"(1, 0)","(1, 0)",0.2563861185939993,0.22872359849665724,0.20682798781981593,True,True,0.6919377049104725,1.5,1.5,3.0,0.0,Medium (2.2-3.0),
SP1,"(0, 0)","(1, 0)",0.3087059075092829,0.2721099453441589,0.19356762678197695,False,True,0.7743834796354186,1.5,1.5,3.0,0.0,Medium (2.2-3.0),
SP1,"(0, 0)","(0, 0)",0.5195768594726758,0.1849241352600207,0.18417191721811038,True,True,0.888672911950807,1.5,1.5,3.0,0.0,Medium (2.2-3.0),
F1,"(1, 0)","(0, 0)",0.3357697200790061,0.21953703970311256,0.19884444421241335,False,True,0.754151203994532,1.5,1.5,3.0,0.0,Medium (2.2-3.0),
E0,"(1, 1)","(1, 1)",0.23457343381531978,0.22001133180695048,0.2034094729199697,True,True,0.6579942385422399,1.5,1.5,3.0,0.0,Medium (2.2-3.0),
SP1,"(2, 0)","(1, 1)",0.2573853875066142,0.21830597198514048,0.20463908468621897,False,False,0.6803304441779736,1.5,1.5,3.0,0.0,Medium (2.2-3.0),
I1,"(0, 1)","(0, 0)",0.8666750156880093,0.12401396148084173,0.008872681434091374,False,True,0.9995616586029424,1.5,1.5,3.0,0.0,Medium (2.2-3.0),
I1,"(0, 1)","(0, 0)",0.2524230558611825,0.2260090167234804,0.2116974502363812,False,True,0.6901295228210441,1.5,1.5,3.0,0.0,Medium (2.2-3.0),
I1,"(2, 1)","(0, 0)",0.2808858898603373,0.2552690102684357,0.17803912695758736,False,False,0.7141940270863604,1.5,1.5,3.0,0.0,Medium (2.2-3.0),
D1,"(0, 0)","(0, 0)",0.2564471630864577,0.24527119986528564,0.20059555906861898,True,True,0.7023139220203622,1.5,1.5,3.0,0.0,Medium (2.2-3.0),
SP1,"(1, 0)","(0, 0)",0.2883837761199686,0.21935658600726032,0.1972784863926791,False,True,0.705018848519908,1.5,1.5,3.0,0.0,Medium (2.2-3.0),
F1,"(1, 0)","(0, 0)",0.3871558006805434,0.2909759719658039,0.11700603463300928,False,False,0.7951378072793566,1.5,1.5,3.0,0.0,Medium (2.2-3.0),
I1,"(0, 0)","(1, 0)",0.3299751896427092,0.30947997238218145,0.1881755191869361,False,True,0.8276306812118268,1.5,1.5,3.0,0.0,Medium (2.2-3.0),
I1,"(0, 0)","(0, 0)",0.3205185216785501,0.25623461041113066,0.15404990657776846,True,True,0.7308030386674493,1.5,1.5,3.0,0.0,Medium (2.2-3.0),
SP1,"(1, 0)","(0, 0)",0.33506306782468387,0.32683893859573787,0.16954644811978695,False,True,0.8314484545402087,1.5,1.5,3.0,0.0,Medium (2.2-3.0),
SP1,"(1, 1)","(0, 0)",0.48537837003823475,0.290380331529788,0.09007134803106724,False,False,0.8658300495990899,1.5,1.5,3.0,0.0,Medium (2.2-3.0),
SP1,"(0, 0)","(1, 0)",0.3455396194869636,0.2509471961124623,0.23789392845355278,False,True,0.8343807440529787,1.5,1.5,3.0,0.0,Medium (2.2-3.0),
SP1,"(0, 0)","(0, 0)",1.0,0.0,0.0,True,True,1.0,1.5,1.5,3.0,0.0,Medium (2.2-3.0),
D1,"(0, 0)","(0, 0)",0.33201084460741304,0.22166341053525823,0.19623192960566752,True,True,0.7499061847483387,1.5,1.5,3.0,0.0,Medium (2.2-3.0),
D1,"(1, 3)","(0, 0)",0.5123819007755914,0.2792404377089221,0.07962229431922493,False,False,0.8712446328037385,1.5,1.5,3.0,0.0,Medium (2.2-3.0),
D1,"(1, 0)","(1, 0)",0.3593183389929504,0.28015290820991223,0.23042714345109325,True,True,0.8698983906539559,1.5,1.5,3.0,0.0,Medium (2.2-3.0),
D1,"(0, 0)","(1, 0)",0.2873283727758294,0.22343154235541846,0.2127496886619648,False,True,0.7235096037932127,1.5,1.5,3.0,0.0,Medium (2.2-3.0),
SC0,"(0, 1)","(0, 0)",0.4068712723599123,0.24116019472490785,0.15990032797530856,False,True,0.8079317950601288,1.5,1.5,3.0,0.0,Medium (2.2-3.0),
SC0,"(0, 0)","(0, 0)",0.4429264681709912,0.2466473520956037,0.14265876591142554,True,True,0.8322325861780204,1.5,1.5,3.0,0.0,Medium (2.2-3.0),
I1,"(1, 0)","(0, 0)",0.320432204101199,0.2904628409746269,0.14483136900575055,False,True,0.7557264140815765,1.5,1.5,3.0,0.0,Medium (2.2-3.0),
D1,"(2, 0)","(1, 0)",0.32875888402270714,0.2662800304132129,0.2029487597251167,False,True,0.7979876741610368,1.5,1.5,3.0,0.0,Medium (2.2-3.0),
SC0,"(0, 2)","(1, 0)",0.24410278961669432,0.2267052399628139,0.21985884085040905,False,False,0.6906668704299173,1.5,1.5,3.0,0.0,Medium (2.2-3.0),
I1,"(1, 0)","(1, 0)",0.2831741551089044,0.26404176484646363,0.1729873233511623,True,True,0.7202032433065304,1.5,1.5,3.0,0.0,Medium (2.2-3.0),
N1,"(1, 0)","(0, 0)",0.34523952206554587,0.2831546027252181,0.12704844026409837,False,True,0.7554425650548623,1.5,1.5,3.0,0.0,Medium (2.2-3.0),
E0,"(1, 2)","(1, 0)",0.2767100750465036,0.2676176419311578,0.16745071476323267,False,False,0.7117784317408941,1.5,1.5,3.0,0.0,Medium (2.2-3.0),
E0,"(1, 0)","(0, 0)",0.4370522549360583,0.3496167618454512,0.1423785678814081,False,True,0.9290475846629177,1.5,1.5,3.0,0.0,Medium (2.2-3.0),
E0,"(2, 0)","(0, 0)",0.3720963470988133,0.2551608020156214,0.15049598332592118,False,False,0.7777531324403559,1.5,1.5,3.0,0.0,Medium (2.2-3.0),
F1,"(0, 2)","(1, 0)",0.35869276309601666,0.3486546906237627,0.18893021093952636,False,False,0.8962776646593057,1.5,1.5,3.0,0.0,Medium (2.2-3.0),
F1,"(1, 2)","(0, 0)",0.5909945116488805,0.3109611942925595,0.08180859758415497,False,False,0.983764303525595,1.5,1.5,3.0,0.0,Medium (2.2-3.0),
F1,"(2, 1)","(0, 0)",0.29770797704068697,0.21981171709433733,0.19778809905723033,False,False,0.7153077931922547,1.5,1.5,3.0,0.0,Medium (2.2-3.0),
E0,"(0, 0)","(1, 0)",0.36799495732341425,0.3326877747305611,0.20352459408094623,False,True,0.9042073261349216,1.5,1.5,3.0,0.0,Medium (2.2-3.0),
N1,"(1, 1)","(1, 0)",0.2623346609436502,0.22978666295315917,0.20023258539128022,False,True,0.6923539092880896,1.5,1.5,3.0,0.0,Medium (2.2-3.0),
N1,"(1, 0)","(1, 0)",0.368038073003609,0.3331998660356976,0.20325942022692484,True,True,0.9044973592662315,1.5,1.5,3.0,0.0,Medium (2.2-3.0),
N1,"(2, 1)","(1, 0)",0.27866821496549526,0.24327609013106294,0.18493869175054636,False,False,0.7068829968471045,1.5,1.5,3.0,0.0,Medium (2.2-3.0),
E0,"(0, 0)","(0, 0)",0.36028993761633804,0.2113381534671125,0.2072348940166261,True,True,0.7788629851000767,1.5,1.5,3.0,0.0,Medium (2.2-3.0),
E0,"(2, 1)","(0, 0)",0.3759470957241415,0.24941465773485558,0.15667513002585912,False,False,0.7820368834848561,1.5,1.5,3.0,0.0,Medium (2.2-3.0),
D1,"(1, 1)","(2, 0)",0.25612006448361446,0.22807871311157096,0.18180878851955518,False,False,0.6660075661147407,1.5,1.5,3.0,0.0,Medium (2.2-3.0),
F1,"(0, 0)","(0, 0)",0.39538968824424603,0.2937655668053875,0.11622976948730236,True,True,0.805385024536936,1.5,1.5,3.0,0.0,Medium (2.2-3.0),
I1,"(0, 0)","(0, 0)",0.42883040623157426,0.32494856902157454,0.1275105321506779,True,True,0.8812895074038266,1.5,1.5,3.0,0.0,Medium (2.2-3.0),
I1,"(0, 1)","(0, 0)",0.31111536075918145,0.22173452054359935,0.19616765483868626,False,True,0.729017536141467,1.5,1.5,3.0,0.0,Medium (2.2-3.0),
F1,"(0, 1)","(0, 0)",0.543768763939795,0.1933265909964204,0.16069390437683442,False,True,0.8977892593130498,1.5,1.5,3.0,0.0,Medium (2.2-3.0),
F1,"(1, 0)","(1, 0)",0.25756240942643543,0.20463264210732615,0.2014145683131955,True,True,0.6636096198469571,1.5,1.5,3.0,0.0,Medium (2.2-3.0),
F1,"(0, 0)","(1, 0)",0.3204330943540654,0.3130739401565596,0.17658110977880936,False,True,0.8100881442894344,1.5,1.5,3.0,0.0,Medium (2.2-3.0),
E0,"(0, 1)","(0, 0)",0.3226780992698456,0.21939555984707415,0.19945114165608116,False,True,0.7415248007730009,1.5,1.5,3.0,0.0,Medium (2.2-3.0),
D1,"(0, 2)","(0, 0)",0.4061617897580052,0.2446946275581896,0.15584867692325488,False,False,0.8067050942394497,1.5,1.5,3.0,0.0,Medium (2.2-3.0),
E0,"(1, 0)","(0, 0)",0.39165356671628837,0.3049230946498779,0.1257357235950148,False,False,0.8223123849611811,1.5,1.5,3.0,0.0,Medium (2.2-3.0),
F1,"(0, 0)","(0, 0)",0.3617891359545492,0.23241298756598852,0.1797012019394463,True,True,0.773903325459984,1.5,1.5,3.0,0.0,Medium (2.2-3.0),
E0,"(0, 0)","(1, 1)",0.23938584505593852,0.23057162833823855,0.21537004118925118,False,True,0.6853275145834282,1.5,1.5,3.0,0.0,Medium (2.2-3.0),
D1,"(0, 1)","(0, 0)",0.3522760716802374,0.21978759820242771,0.19709792147008692,False,True,0.7691615913527521,1.5,1.5,3.0,0.0,Medium (2.2-3.0),
SC0,"(0, 1)","(1, 0)",0.289313589326386,0.2401976251469535,0.19967954979620944,False,False,0.729190764269549,1.5,1.5,3.0,0.0,Medium (2.2-3.0),
SP1,"(0, 0)","(0, 0)",0.3488844675059108,0.23101101560040604,0.18299279489063933,True,True,0.7628882779969561,1.5,1.5,3.0,0.0,Medium (2.2-3.0),
I1,"(1, 1)","(0, 0)",0.42751693982428735,0.3477494556958588,0.1447161605586163,False,False,0.9199825560787624,1.5,1.5,3.0,0.0,Medium (2.2-3.0),
I1,"(0, 2)","(0, 0)",0.39218113133385396,0.26565152236675177,0.13463377641694785,False,False,0.7924664301175536,1.5,1.5,3.0,0.0,Medium (2.2-3.0),
I1,"(0, 0)","(0, 0)",0.34635414606534903,0.2807519204740829,0.12465633095841755,True,True,0.7517623974978495,1.5,1.5,3.0,0.0,Medium (2.2-3.0),
SP1,"(2, 0)","(0, 0)",0.3823034036598772,0.32281820491361324,0.1432256718482734,False,True,0.8483472804217638,1.5,1.5,3.0,0.0,Medium (2.2-3.0),
SP1,"(0, 1)","(0, 0)",0.589278528893207,0.242480598872913,0.07972314139525721,False,True,0.9114822691613773,1.5,1.5,3.0,0.0,Medium (2.2-3.0),
N1,"(1, 1)","(0, 0)",0.5411608448939075,0.3003799813212471,0.08487587986197884,False,False,0.9264167060771334,1.5,1.5,3.0,0.0,Medium (2.2-3.0),
N1,"(0, 1)","(1, 0)",0.2613986769587627,0.2528834649350332,0.1890976533440622,False,False,0.7033797952378582,1.5,1.5,3.0,0.0,Medium (2.2-3.0),
N1,"(1, 0)","(0, 0)",0.30594923834836124,0.2167989167993719,0.20246772634649096,False,True,0.725215881494224,1.5,1.5,3.0,0.0,Medium (2.2-3.0),
N1,"(2, 0)","(0, 0)",0.3498077584394929,0.2404848725649813,0.17105155331054814,False,False,0.7613441843150224,1.5,1.5,3.0,0.0,Medium (2.2-3.0),
E0,"(2, 1)","(2, 0)",0.23857682190704468,0.2016088111824699,0.1886056404484438,False,True,0.6287912735379584,1.5,1.5,3.0,0.0,Medium (2.2-3.0),
SC0,"(1, 0)","(0, 0)",0.40197690214042064,0.238109036959749,0.16482633329094684,False,True,0.8049122723911165,1.5,1.5,3.0,0.0,Medium (2.2-3.0),
SP1,"(0, 0)","(0, 0)",0.7188672286838376,0.12565107061061218,0.12068033344623924,True,True,0.965198632740689,1.5,1.5,3.0,0.0,Medium (2.2-3.0),
I1,"(0, 0)","(0, 0)",0.4493832011848644,0.2659328001522924,0.11855424625589302,True,True,0.83387024759305,1.5,1.5,3.0,0.0,Medium (2.2-3.0),
SC0,"(0, 1)","(0, 0)",0.4880751004359511,0.21158641341379605,0.16666085970615083,False,True,0.866322373555898,1.5,1.5,3.0,0.0,Medium (2.2-3.0),
SP1,"(0, 1)","(0, 0)",0.5457231192080306,0.27473918219521887,0.07102680406174372,False,False,0.8914891054649932,1.5,1.5,3.0,0.0,Medium (2.2-3.0),
D1,"(1, 0)","(0, 0)",0.3328042331612052,0.26226008002583706,0.1460643107304808,False,True,0.7411286239175231,1.5,1.5,3.0,0.0,Medium (2.2-3.0),
SP1,"(0, 1)","(0, 0)",0.3550850526782254,0.27949437344458106,0.12488033772591141,False,True,0.7594597638487178,1.5,1.5,3.0,0.0,Medium (2.2-3.0),
SP1,"(1, 0)","(1, 0)",0.33660158534700585,0.31809583976961825,0.18882548955556563,True,True,0.8435229146721898,1.5,1.5,3.0,0.0,Medium (2.2-3.0),
SP1,"(0, 0)","(1, 0)",0.314259832288933,0.27142881444764855,0.19278974156232426,False,True,0.7784783882989059,1.5,1.5,3.0,0.0,Medium (2.2-3.0),
E0,"(0, 1)","(0, 0)",0.4744409276549449,0.20441997023874384,0.18154967284236684,False,True,0.8604105707360556,1.5,1.5,3.0,0.0,Medium (2.2-3.0),
E0,"(0, 0)","(0, 0)",0.39025321252423223,0.3216469906843304,0.13905733061203782,True,True,0.8509575338206005,1.5,1.5,3.0,0.0,Medium (2.2-3.0),
E0,"(0, 0)","(1, 0)",0.2393044184575241,0.22758305801151574,0.19234042986938577,False,True,0.6592279063384257,1.5,1.5,3.0,0.0,Medium (2.2-3.0),
E0,"(2, 0)","(1, 0)",0.26014069819881974,0.23762277507787036,0.1984627880065168,False,False,0.6962262612832069,1.5,1.5,3.0,0.0,Medium (2.2-3.0),
E0,"(0, 0)","(0, 0)",0.3169628450568931,0.30580522168197194,0.1605244843664549,True,True,0.7832925511053199,1.5,1.5,3.0,0.0,Medium (2.2-3.0),
SP1,"(0, 0)","(0, 0)",0.5067673753834836,0.22836143167709308,0.13816069840359244,True,True,0.8732895054641692,1.5,1.5,3.0,0.0,Medium (2.2-3.0),
D1,"(1, 1)","(0, 0)",0.2989105875357965,0.22912585705771155,0.1857226174665428,False,False,0.7137590620600509,1.5,1.5,3.0,0.0,Medium (2.2-3.0),
D1,"(0, 0)","(0, 0)",0.39871499720973347,0.35601974146050935,0.16223811952268424,True,True,0.9169728581929271,1.5,1.5,3.0,0.0,Medium (2.2-3.0),
N1,"(1, 2)","(0, 0)",0.273635998748297,0.26196607926618043,0.17703763832442915,False,False,0.7126397163389067,1.5,1.5,3.0,0.0,Medium (2.2-3.0),
N1,"(0, 0)","(0, 0)",0.47418651567099224,0.35431332720649666,0.13237189342942082,True,True,0.9608717363069097,1.5,1.5,3.0,0.0,Medium (2.2-3.0),
N1,"(0, 0)","(0, 0)",0.26803692960646713,0.2313195499053228,0.20284225561448363,True,True,0.7021987351262736,1.5,1.5,3.0,0.0,Medium (2.2-3.0),
N1,"(1, 0)","(2, 0)",0.24420988877447242,0.22173051253697273,0.19183726025377293,False,False,0.6577776615652181,1.5,1.5,3.0,0.0,Medium (2.2-3.0),
E0,"(2, 0)","(1, 0)",0.32127786888937176,0.2518777799135657,0.22184043422867789,False,True,0.7949960830316154,1.5,1.5,3.0,0.0,Medium (2.2-3.0),
E0,"(2, 0)","(0, 0)",0.5575381680943747,0.18857233781654129,0.15861462186028402,False,False,0.9047251277712001,1.5,1.5,3.0,0.0,Medium (2.2-3.0),
SC0,"(0, 0)","(0, 0)",0.4345012876566793,0.21702715326798527,0.18127738721059442,True,True,0.8328058281352589,1.5,1.5,3.0,0.0,Medium (2.2-3.0),
SC0,"(0, 0)","(1, 0)",0.28480103643383764,0.21662333592210412,0.21646118046805787,False,True,0.7178855528239996,1.5,1.5,3.0,0.0,Medium (2.2-3.0),
E0,"(0, 0)","(0, 0)",0.3559657002361298,0.25630228943213673,0.1513319406712807,True,True,0.7635999303395473,1.5,1.5,3.0,0.0,Medium (2.2-3.0),
SC0,"(0, 0)","(0, 0)",0.3555929827347675,0.23637782558557144,0.17552797086505317,True,True,0.7674987791853922,1.5,1.5,3.0,0.0,Medium (2.2-3.0),
I1,"(1, 0)","(0, 0)",0.3893395975616541,0.25735952184978284,0.14477801015311578,False,True,0.7914771295645526,1.5,1.5,3.0,0.0,Medium (2.2-3.0),
SC0,"(1, 1)","(0, 0)",0.39080797950767976,0.2138297247349862,0.19806932542258612,False,False,0.8027070296652521,1.5,1.5,3.0,0.0,Medium (2.2-3.0),
D1,"(0, 0)","(0, 0)",0.2867871291527353,0.21390877825429308,0.2043665563643723,True,True,0.7050624637714007,1.5,1.5,3.0,0.0,Medium (2.2-3.0),
D1,"(1, 1)","(1, 1)",0.2879869715931028,0.189313089097639,0.17945188131708298,True,True,0.6567519420078248,1.5,1.5,3.0,0.0,Medium (2.2-3.0),
D1,"(0, 0)","(0, 0)",0.3034245099803887,0.24118857642598146,0.1734686697294731,True,True,0.7180817561358432,1.5,1.5,3.0,0.0,Medium (2.2-3.0),
D1,"(1, 2)","(1, 0)",0.24014942846468174,0.2157193421672213,0.2115756476574623,False,False,0.6674444182893653,1.5,1.5,3.0,0.0,Medium (2.2-3.0),
I1,"(0, 0)","(1, 0)",0.3037551815889446,0.25482189328619614,0.20264398470302328,False,True,0.761221059578164,1.5,1.5,3.0,0.0,Medium (2.2-3.0),
I1,"(0, 0)","(0, 0)",0.3481419057755171,0.3248403438038869,0.1607467560439208,True,True,0.8337290056233249,1.5,1.5,3.0,0.0,Medium (2.2-3.0),
SP1,"(1, 0)","(0, 0)",0.4886333377766267,0.20267396545439745,0.17736810661543304,False,True,0.8686754098464572,1.5,1.5,3.0,0.0,Medium (2.2-3.0),
SP1,"(0, 1)","(0, 0)",0.28817363119463774,0.2457285738367188,0.18027125563507546,False,False,0.7141734606664321,1.5,1.5,3.0,0.0,Medium (2.2-3.0),
N1,"(1, 0)","(0, 0)",0.31538531065026304,0.2838620997704742,0.1416314183698698,False,True,0.7408788287906071,1.5,1.5,3.0,0.0,Medium (2.2-3.0),
N1,"(2, 2)","(0, 0)",0.3581402992416695,0.2523740580370728,0.1557392071027878,False,False,0.7662535643815301,1.5,1.5,3.0,0.0,Medium (2.2-3.0),
N1,"(1, 0)","(0, 0)",0.2948367427127279,0.28934265915354884,0.15822613465249674,False,False,0.7424055365187734,1.5,1.5,3.0,0.0,Medium (2.2-3.0),
N1,"(0, 1)","(1, 0)",0.29094551595830437,0.283605591696055,0.16698354736662618,False,False,0.7415346550209856,1.5,1.5,3.0,0.0,Medium (2.2-3.0),
E0,"(1, 1)","(0, 0)",0.290965222897747,0.2876249361184023,0.1589852356031723,False,False,0.7375753946193215,1.5,1.5,3.0,0.0,Medium (2.2-3.0),
D1,"(0, 0)","(0, 0)",0.4380678331841419,0.28090178329964205,0.10576611922209704,True,True,0.824735735705881,1.5,1.5,3.0,0.0,Medium (2.2-3.0),
D1,"(0, 2)","(0, 0)",0.43661238889935317,0.31507087145569057,0.11809712500736656,False,True,0.8697803853624103,1.5,1.5,3.0,0.0,Medium (2.2-3.0),
SP1,"(1, 0)","(1, 0)",0.28467657141230435,0.2284179118027553,0.20510298546729072,True,True,0.7181974686823505,1.5,1.5,3.0,0.0,Medium (2.2-3.0),
I1,"(0, 0)","(0, 0)",0.42967187241552424,0.2554623512274952,0.1366931470720247,True,True,0.8218273707150442,1.5,1.5,3.0,0.0,Medium (2.2-3.0),
I1,"(0, 1)","(0, 0)",0.395171081601526,0.2147557483747488,0.19581112036037965,False,True,0.8057379503366544,1.5,1.5,3.0,0.0,Medium (2.2-3.0),
I1,"(3, 0)","(0, 0)",0.4928083845938241,0.20430831190843732,0.17340809322626285,False,False,0.8705247897285242,1.5,1.5,3.0,0.0,Medium (2.2-3.0),
SC0,"(2, 0)","(0, 0)",0.33181448464930824,0.22686983922868176,0.18946380233845925,False,False,0.7481481262164492,1.5,1.5,3.0,0.0,Medium (2.2-3.0),
SC0,"(1, 0)","(0, 0)",0.36827022331138864,0.2808640042485847,0.12173582981278884,False,True,0.7708700573727623,1.5,1.5,3.0,0.0,Medium (2.2-3.0),
N1,"(0, 0)","(0, 0)",0.42930521498027524,0.2914409448681659,0.10428421996633165,True,True,0.8250303798147728,1.5,1.5,3.0,0.0,Medium (2.2-3.0),
SP1,"(0, 2)","(0, 0)",0.34679257557054005,0.23979684035033727,0.1721781056214088,False,False,0.7587675215422861,1.5,1.5,3.0,0.0,Medium (2.2-3.0),
