Div,Date,Time,HomeTeam,AwayTeam,FTHG,FTAG,FTR,HTHG,HTAG,HTR,HS,AS,HST,AST,HF,AF,HC,AC,HY,AY,HR,AR,B365H,B365D,B365A,BFDH,BFDD,BFDA,BMGMH,BMGMD,BMGMA,BVH,BVD,BVA,BWH,BWD,BWA,CLH,CLD,CLA,LBH,LBD,LBA,PSH,PSD,PSA,MaxH,MaxD,MaxA,AvgH,AvgD,AvgA,BFEH,BFED,BFEA,B365>2.5,B365<2.5,P>2.5,P<2.5,Max>2.5,Max<2.5,Avg>2.5,Avg<2.5,BFE>2.5,BFE<2.5,AHh,B365AHH,B365AHA,PAHH,PAHA,MaxAHH,MaxAHA,AvgAHH,AvgAHA,BFEAHH,BFEAHA,B365CH,B365CD,B365CA,BFDCH,BFDCD,BFDCA,BMGMCH,BMGMCD,BMGMCA,BVCH,BVCD,BVCA,BWCH,BWCD,BWCA,CLCH,CLCD,CLCA,LBCH,LBCD,LBCA,PSCH,PSCD,PSCA,MaxCH,MaxCD,MaxCA,AvgCH,AvgCD,AvgCA,BFECH,BFECD,BFECA,B365C>2.5,B365C<2.5,PC>2.5,PC<2.5,MaxC>2.5,MaxC<2.5,AvgC>2.5,AvgC<2.5,BFEC>2.5,BFEC<2.5,AHCh,B365CAHH,B365CAHA,PCAHH,PCAHA,MaxCAHH,MaxCAHA,AvgCAHH,AvgCAHA,BFECAHH,BFECAHA
N1,08/08/2025,19:00,For Sittard,Go Ahead Eagles,2,2,D,1,1,D,36,6,8,2,10,9,8,5,2,2,0,1,2.63,3.6,2.5,2.63,3.3,2.5,2.7,3.35,2.5,2.63,3.5,2.5,2.65,3.6,2.5,2.62,3.6,2.5,2.62,3.5,2.5,2.73,3.43,2.56,2.7,3.6,2.55,2.66,3.44,2.5,2.72,3.65,2.58,1.73,2.08,1.75,2.11,1.74,2.1,1.71,2.05,1.78,2.14,0,1.98,1.83,2,1.88,1.98,1.85,1.91,1.8,2.02,1.9,2.6,3.5,2.55,2.63,3.5,2.63,2.75,3.45,2.4,2.8,3.6,2.4,2.6,3.4,2.6,3,3.5,2.3,3,3.5,2.25,3.15,3.58,2.29,3.15,3.7,2.63,2.74,3.48,2.45,2.82,3.5,2.7,1.75,2.05,1.74,2.18,1.75,2.15,1.7,2.07,1.83,2.16,0,1.93,1.88,2.31,1.68,1.98,1.91,1.91,1.81,2.04,1.92
N1,09/08/2025,15:30,Nijmegen,Excelsior,5,0,H,1,0,H,15,9,10,6,14,14,7,2,1,1,0,0,1.75,4,4.33,1.7,3.75,4.5,1.76,3.55,4.5,1.73,3.8,4.4,1.77,3.75,4.4,1.8,3.75,4.4,1.75,3.7,4.33,1.75,3.9,4.46,1.8,4,4.5,1.75,3.73,4.39,1.77,3.9,4.5,1.73,2.08,1.76,2.09,1.82,2.08,1.76,1.98,1.77,2.14,-0.75,1.95,1.85,1.97,1.88,1.97,1.85,1.93,1.75,,,1.62,4.33,4.75,1.67,4,4.5,1.63,4.1,4.7,1.65,4.33,4.75,1.68,4.2,4.4,1.67,4.2,4.4,1.67,4.2,4.4,1.74,4.26,4.45,1.68,4.4,4.8,1.65,4.18,4.59,1.69,4.5,5.3,1.5,2.5,1.58,2.47,1.54,2.55,1.5,2.45,1.56,2.72,-0.75,1.78,2.03,1.93,1.97,1.83,2.03,1.76,1.91,1.84,2.14
N1,09/08/2025,17:45,Feyenoord,NAC Breda,2,0,H,1,0,H,20,7,4,0,10,13,3,4,1,1,0,0,1.18,8.5,11,1.14,7,15,1.14,8,15,1.15,7.5,15,1.18,8,14,1.18,8,13,1.17,8,13,1.16,7.99,13.87,1.18,8.5,15,1.16,7.56,13.94,1.18,8.8,15.5,1.4,2.88,1.42,2.82,1.43,3.1,1.39,2.82,1.44,2.94,-2,1.83,1.98,1.83,2.01,1.85,2,1.75,1.94,,,1.38,5.25,7,1.33,5,8,1.28,5.8,8.5,1.33,5.25,9,1.35,5.25,8,1.33,5.5,8.5,1.33,5.5,8.5,1.27,6.48,9.76,1.38,5.8,9,1.33,5.31,8.06,1.36,5.7,10,1.62,2.25,1.53,2.62,1.62,2.45,1.55,2.33,1.64,2.52,-1.5,2.05,1.75,1.83,2.07,2.05,1.93,1.93,1.82,2.05,1.92
N1,09/08/2025,19:00,Heerenveen,Volendam,1,1,D,1,0,H,18,5,6,3,8,9,9,2,1,1,0,0,1.57,4.2,5.5,1.53,4,5.5,1.57,4,5.5,1.55,4.1,5.5,1.6,4.1,5.25,1.6,4,5.25,1.6,4,5.25,1.58,4.19,5.4,1.6,4.2,5.6,1.57,4.03,5.4,1.61,4,5.8,1.7,2.1,1.74,2.12,1.71,2.14,1.68,2.08,1.75,2.18,-1,1.98,1.83,2,1.85,2,1.83,1.93,1.77,,,1.65,4.2,5,1.57,4.2,5,1.55,4.1,5.5,1.57,4.4,5.25,1.61,4.2,5,1.61,4.2,5,1.6,4.2,5,1.65,4.15,5.29,1.65,4.5,5.5,1.59,4.21,5.15,1.68,4.3,5.5,1.57,2.35,1.61,2.41,1.63,2.38,1.56,2.31,1.63,2.56,-1,2.03,1.78,2.1,1.83,2.03,1.9,1.91,1.78,2.1,1.85
N1,09/08/2025,20:00,PSV Eindhoven,Sparta Rotterdam,6,1,H,3,0,H,22,8,12,4,8,2,8,5,1,1,0,0,1.2,7.5,11,1.18,6.5,13,1.16,7.5,14,1.18,7,13,1.21,7,13,1.2,7,13,1.2,7,13,1.19,7.25,11.58,1.21,7.5,14,1.18,6.99,12.69,1.21,7.4,12.5,1.4,2.88,1.39,2.96,1.4,3.1,1.37,2.88,1.43,3.05,-2,1.95,1.85,1.96,1.88,1.95,1.95,1.82,1.87,,,1.18,7.5,13,1.18,6.5,12,1.16,8,12.5,1.18,8,13,1.21,7.5,11.5,1.22,7,11,1.22,7,11,1.21,7.59,11.67,1.22,8,13,1.19,7.34,12,1.2,8.2,17.5,1.29,3.6,1.32,3.47,1.33,3.6,1.29,3.41,1.34,3.85,-2,1.88,1.93,1.95,1.93,1.88,2.02,1.77,1.93,1.9,2.01
N1,10/08/2025,11:15,Zwolle,Twente,1,0,H,1,0,H,7,16,2,4,14,15,2,4,4,1,0,0,4,3.6,1.91,3.75,3.5,1.91,3.85,3.5,1.92,3.7,3.6,1.91,3.7,3.7,1.93,3.7,3.7,1.95,3.6,3.7,1.91,3.75,3.66,1.95,4,3.7,1.95,3.73,3.57,1.92,3.85,3.65,1.93,1.75,2.05,1.78,2.06,1.77,2.12,1.72,2.03,1.78,2.06,0.5,1.88,1.93,1.89,1.96,1.9,1.94,1.84,1.89,,,3.25,3.6,2.1,3.3,3.5,2.05,3.7,3.65,1.9,3.4,3.75,2.05,3.4,3.7,2.05,3.4,3.7,2.05,3.4,3.7,2.05,3.8,3.78,1.97,3.7,3.75,2.1,3.46,3.63,2.01,3.75,3.75,2.12,1.67,2.15,1.76,2.15,1.73,2.15,1.69,2.07,1.79,2.22,0.5,1.75,2.05,1.93,1.98,1.88,2.05,1.79,1.95,1.87,2.12
N1,10/08/2025,13:30,Ajax,Telstar,2,0,H,1,0,H,15,18,7,5,9,12,8,10,0,0,0,0,1.17,7.5,17,1.17,7,13,1.13,8.5,16,1.13,8,17,1.17,8.25,14.5,1.17,8,15,1.17,8,13,1.15,8.51,13.84,1.17,8.5,17,1.15,7.78,15.16,1.18,8.6,17,1.33,3.4,1.33,3.24,1.35,3.4,1.33,3.15,1.36,3.25,-2.25,1.98,1.83,1.99,1.85,1.98,1.83,1.87,1.8,,,1.2,6.5,13,1.18,6.5,12,1.14,8,15,1.18,7.5,15,1.21,7.5,11.5,1.2,7.5,12,1.2,7.5,12,1.14,9.58,17.61,1.21,8,15,1.18,7.28,13.06,1.2,8.6,17,1.33,3.4,1.33,3.37,1.34,3.4,1.33,3.14,1.39,3.45,-2,1.9,1.9,1.65,2.3,1.9,1.98,1.8,1.91,1.92,2
N1,10/08/2025,13:30,AZ Alkmaar,Groningen,4,1,H,3,1,H,10,11,5,8,11,12,6,1,2,2,0,0,1.53,4.33,6,1.5,4.2,6,1.47,4.5,6.1,1.5,4.2,6,1.53,4.4,5.75,1.53,4.4,5.75,1.53,4.4,5.5,1.51,4.37,6,1.53,4.5,6.25,1.5,4.32,5.91,1.52,4.3,6.6,1.73,2.08,1.74,2.12,1.73,2.12,1.69,2.07,1.74,2.12,-1,1.85,1.95,1.86,1.99,1.86,1.95,1.78,1.91,,,1.33,5.5,9,1.3,5,9,1.29,5.5,9.5,1.3,5.5,10,1.34,5.25,8.75,1.33,5.25,8.5,1.33,5.25,8.5,1.4,5,8.12,1.34,5.75,10,1.31,5.34,9.02,1.38,5.4,10,1.57,2.35,1.68,2.27,1.57,2.4,1.55,2.33,1.64,2.5,-1.5,1.9,1.9,2.12,1.79,1.93,1.95,1.87,1.87,2,1.94
N1,10/08/2025,15:45,Utrecht,Heracles,4,0,H,1,0,H,19,10,7,3,10,16,4,4,1,2,0,0,1.55,4.5,5.5,1.53,4,5.5,1.47,4.5,5.8,1.53,4.2,5.75,1.57,4.33,5.5,1.57,4.33,5.5,1.55,4.33,5.25,1.55,4.27,5.67,1.57,4.5,5.8,1.52,4.3,5.55,1.55,4.2,6,1.67,2.15,1.71,2.16,1.67,2.25,1.64,2.15,,,-1,1.93,1.88,1.93,1.92,1.93,1.94,1.82,1.88,,,1.53,4.33,6,1.53,4,5.5,1.53,4.2,5.75,1.53,4.33,6,1.55,4.1,6,1.57,4,5.75,1.57,4,5.5,1.58,4.2,5.98,1.58,4.33,6.5,1.54,4.16,5.79,1.61,4.3,6.6,1.75,2.05,1.84,2.06,1.8,2.06,1.75,2,1.85,2.12,-1,1.85,1.95,2,1.91,1.94,1.95,1.85,1.84,2.02,1.95
N1,15/08/2025,19:00,Telstar,Zwolle,0,2,A,0,1,A,11,10,5,3,13,10,7,0,3,3,0,0,2.55,3.4,2.7,2.6,3.3,2.5,2.65,3.4,2.48,2.55,3.5,2.55,2.6,3.4,2.6,2.6,3.4,2.62,2.7,3.5,2.45,2.68,3.49,2.68,2.7,3.5,2.7,2.61,3.4,2.55,2.8,3.55,2.68,1.75,2.05,1.81,2.08,1.77,2.1,1.73,2.02,1.86,2.14,0,1.83,1.98,1.95,1.95,1.93,1.98,1.83,1.9,1.92,2.02,2.5,3.5,2.7,2.5,3.4,2.63,2.55,3.35,2.65,2.5,3.6,2.7,2.55,3.4,2.65,2.6,3.4,2.62,2.5,3.4,2.62,2.55,3.59,2.76,2.6,3.6,2.7,2.52,3.41,2.67,2.62,3.6,2.84,1.67,2.15,1.7,2.24,1.76,2.15,1.68,2.09,1.77,2.24,0,1.83,1.98,1.88,2.03,1.85,1.98,1.81,1.93,1.91,2.07
N1,16/08/2025,17:45,Excelsior,Feyenoord,1,2,A,1,2,A,8,16,2,8,17,8,5,6,0,1,0,0,5,4.5,1.45,7,4.6,1.4,6,4.8,1.44,6,4.75,1.45,5.75,4.8,1.49,5.75,4.8,1.48,5.75,4.8,1.48,5.45,4.85,1.5,7,4.8,1.49,5.83,4.72,1.46,6.2,5,1.53,1.44,2.7,1.44,2.54,1.53,2.7,1.44,2.62,1.48,2.8,1.25,1.78,2.03,1.85,2.03,1.82,2.03,1.77,1.89,1.86,2.01,5.5,5,1.5,7,4.6,1.4,6.25,4.6,1.45,6.5,4.8,1.45,6,4.6,1.47,6,4.6,1.48,6,4.6,1.48,6.19,4.63,1.51,7,5,1.5,6.17,4.63,1.46,7.2,4.9,1.51,1.48,2.6,1.59,2.46,1.53,2.6,1.49,2.48,1.55,2.76,1.25,1.78,2.03,1.81,2.09,1.82,2.03,1.77,1.9,1.93,2.06
N1,16/08/2025,19:00,Heracles,Nijmegen,1,4,A,1,1,D,13,24,6,11,9,11,3,7,2,2,1,0,2.8,3.5,2.4,2.75,3.3,2.4,2.85,3.35,2.4,2.75,3.5,2.38,2.75,3.5,2.45,2.75,3.5,2.45,2.75,3.4,2.45,2.83,3.45,2.46,2.85,3.5,2.48,2.78,3.41,2.41,3,3.5,2.46,1.73,2.08,1.76,2.08,1.77,2.08,1.73,2.02,1.8,2.14,0,2.03,1.78,2.08,1.81,2.05,1.83,2,1.75,2.21,1.78,3,3.5,2.3,2.88,3.4,2.3,2.9,3.3,2.38,2.9,3.6,2.38,2.9,3.6,2.3,2.9,3.5,2.3,2.87,3.5,2.3,2.71,3.54,2.62,3,3.7,2.5,2.89,3.45,2.34,3.15,3.6,2.44,1.67,2.15,1.84,2.06,1.74,2.15,1.7,2.06,1.81,2.18,0.25,1.83,1.98,1.7,2.27,1.83,2.11,1.75,1.89,1.89,2.1
N1,16/08/2025,20:00,Groningen,Heerenveen,2,1,H,1,1,D,8,16,5,5,9,15,3,8,4,2,0,0,2.2,3.5,3.2,2.2,3.25,3.1,2.18,3.3,3.25,2.2,3.4,3.1,2.2,3.5,3.2,2.2,3.5,3.2,2.15,3.5,3.2,2.24,3.45,3.19,2.22,3.5,3.25,2.19,3.36,3.18,2.28,3.45,3.45,1.93,1.88,1.95,1.9,1.93,1.88,1.9,1.83,1.99,1.92,-0.25,1.93,1.88,1.95,1.92,1.93,1.89,1.82,1.84,1.96,1.98,2.25,3.3,3.25,2.2,3.25,3.1,2.06,3.3,3.55,2.25,3.4,3.25,2.25,3.4,3.2,2.25,3.4,3.2,2.1,3.4,3.3,2.16,3.44,3.57,2.25,3.4,3.55,2.17,3.33,3.31,2.32,3.45,3.5,1.98,1.83,1.98,1.91,1.98,1.86,1.92,1.81,2.04,1.93,-0.25,1.93,1.88,1.86,2.05,1.93,1.96,1.77,1.9,1.98,2
N1,17/08/2025,11:15,Go Ahead Eagles,Ajax,2,2,D,2,2,D,9,22,4,11,9,12,6,9,1,2,0,0,3.9,4.1,1.8,3.75,4,1.8,4.1,4,1.74,3.9,4.1,1.75,4,4.2,1.77,4,4.2,1.75,3.9,4.2,1.75,4.07,4.02,1.79,4.1,4.2,1.8,3.94,4.05,1.76,4.3,4.4,1.8,1.44,2.7,1.48,2.63,1.46,2.7,1.44,2.63,1.48,2.8,0.75,1.83,1.98,1.85,2.01,1.83,1.98,1.76,1.91,1.91,2,3.7,4,1.85,3.6,4,1.83,3.8,3.9,1.82,3.6,4.1,1.9,3.7,3.9,1.88,3.7,4,1.91,3.8,4,1.8,3.93,3.99,1.88,3.85,4.1,1.91,3.72,3.95,1.85,4,4,1.97,1.44,2.7,1.51,2.66,1.49,2.75,1.45,2.59,1.51,2.9,0.5,1.93,1.88,2.01,1.89,2,1.88,1.93,1.81,2.02,1.97
N1,17/08/2025,13:30,Sparta Rotterdam,Utrecht,2,1,H,1,0,H,15,20,5,5,9,11,5,6,1,3,0,0,2.6,3.7,2.5,2.63,3.4,2.5,2.63,3.7,2.38,2.6,3.6,2.45,2.55,3.7,2.5,2.6,3.7,2.5,2.5,3.6,2.5,2.63,3.69,2.51,2.65,3.75,2.5,2.6,3.62,2.45,2.78,3.7,2.66,1.62,2.25,1.64,2.28,1.68,2.25,1.63,2.18,1.67,2.3,0,1.95,1.85,1.97,1.88,1.95,1.85,1.91,1.82,,,2.5,3.5,2.7,2.5,3.25,2.63,2.5,3.45,2.65,2.55,3.5,2.7,2.55,3.4,2.65,2.6,3.4,2.62,2.4,3.4,2.8,2.49,3.55,2.86,2.6,3.5,2.95,2.49,3.43,2.7,2.66,3.55,2.88,1.8,2,1.85,2.04,1.8,2,1.77,1.96,1.87,2.1,0,1.83,1.98,1.83,2.1,1.85,2.1,1.78,1.95,1.89,2.09
N1,17/08/2025,13:30,Twente,PSV Eindhoven,0,2,A,0,1,A,19,15,4,4,10,12,8,6,1,2,0,0,4.75,4.75,1.57,5,4.5,1.53,4.8,5,1.52,4.8,4.6,1.55,4.75,4.6,1.6,4.6,4.6,1.6,4.6,4.6,1.6,4.82,4.73,1.57,5,5,1.6,4.76,4.69,1.55,5.2,4.9,1.58,1.33,3.4,1.33,3.29,1.4,3.4,1.32,3.17,1.36,3.4,1,1.93,1.88,1.95,1.9,1.93,1.9,1.89,1.8,,,4.75,4.75,1.57,5,4.33,1.53,4.8,4.6,1.55,5.25,4.75,1.53,5,4.5,1.57,4.8,4.5,1.6,4.8,4.5,1.57,5,4.58,1.62,5.25,4.75,1.6,4.89,4.55,1.56,5.4,4.8,1.62,1.4,2.88,1.45,2.86,1.4,2.9,1.38,2.83,1.43,3.2,1,1.93,1.88,1.91,2,1.93,1.91,1.85,1.84,2,1.98
N1,17/08/2025,15:45,Volendam,AZ Alkmaar,2,2,D,1,1,D,8,19,3,3,10,10,3,4,1,3,0,0,5,4.5,1.57,5,4.33,1.53,5.1,4.8,1.5,5,4.4,1.55,4.6,4.5,1.63,4.6,4.5,1.61,4.5,4.4,1.61,5.08,4.52,1.57,5.1,4.8,1.63,4.87,4.51,1.56,5.7,4.7,1.59,1.44,2.7,1.44,2.76,1.45,2.75,1.43,2.65,1.51,2.88,1,1.9,1.9,1.93,1.93,1.9,1.93,1.86,1.84,,,6,5,1.44,7,5,1.36,7,5.5,1.34,7,5.25,1.4,6.5,5.25,1.42,7,5.25,1.4,6.5,5.25,1.4,6.93,5.23,1.42,7,5.6,1.44,6.62,5.24,1.39,7,5.3,1.49,1.36,3.1,1.41,3.02,1.36,3.1,1.35,3.01,1.42,3.25,1.25,1.95,1.85,2.05,1.86,2,1.85,1.96,1.72,2.02,1.92
N1,17/08/2025,19:00,NAC Breda,For Sittard,2,1,H,1,0,H,14,10,6,4,8,15,4,5,2,3,0,0,2.3,3.25,3.2,2.25,3.2,3.1,2.16,3.4,3.2,2.3,3.3,3,2.3,3.4,3.1,2.3,3.4,3.1,2.25,3.4,3,2.34,3.34,3.11,2.3,3.4,3.2,2.24,3.32,3.11,2.34,3.3,3.3,1.98,1.83,1.98,1.85,1.98,1.83,1.93,1.79,2.04,1.82,-0.25,1.98,1.83,2.02,1.85,1.98,1.86,1.84,1.82,,,2.38,3.25,3.1,2.3,3.2,3,2.23,3.4,3.1,2.38,3.4,3,2.3,3.3,3.1,2.3,3.3,3.1,2.3,3.3,3.1,2.33,3.31,3.32,2.38,3.4,3.1,2.3,3.31,3.07,2.4,3.4,3.4,1.98,1.83,2.11,1.79,2,1.83,1.94,1.79,2.06,1.9,-0.25,2,1.8,2,1.91,2,1.82,1.88,1.79,2.04,1.93
N1,23/08/2025,15:30,Go Ahead Eagles,Sparta Rotterdam,0,3,A,0,1,A,19,13,6,5,6,8,12,1,0,2,0,0,2.05,3.8,3.3,2.05,3.75,3.3,1.98,3.75,3.35,2,3.75,3.3,2.05,3.7,3.3,2.05,3.7,3.3,2.05,3.7,3.3,2.02,3.8,3.4,2.05,3.8,3.4,2.02,3.72,3.31,2.08,3.95,3.6,1.57,2.35,1.6,2.38,1.61,2.38,1.58,2.28,1.6,2.48,-0.5,2,1.8,2.04,1.84,2.02,1.83,1.97,1.77,2.08,1.88,2.05,3.9,3.2,2,3.75,3.5,1.88,3.8,3.6,2,3.9,3.4,2.05,3.75,3.3,1.95,3.8,3.5,1.95,3.8,3.5,1.9,3.9,3.94,2.05,3.9,3.65,1.96,3.79,3.47,2.06,3.95,3.7,1.53,2.4,1.55,2.55,1.53,2.5,1.51,2.43,1.59,2.62,-0.5,2.05,1.75,1.92,1.99,2.05,1.91,1.92,1.82,2.06,1.91
N1,23/08/2025,17:45,PSV Eindhoven,Groningen,4,2,H,1,1,D,23,17,7,6,11,11,6,4,0,2,0,0,1.18,8,12,1.17,7.5,15,1.13,8.5,15,1.14,8,15,1.18,8,14,1.18,8,13,1.18,8,13,1.16,8.36,12.45,1.18,8.5,16.5,1.16,7.84,13.97,1.19,8.8,16,1.3,3.5,1.31,3.46,1.3,3.5,1.29,3.35,1.33,3.65,-2.25,1.98,1.83,2.01,1.85,1.98,1.86,1.85,1.82,2,1.86,1.2,7,12,1.18,7,15,1.16,8,12.5,1.18,7.5,15,1.2,7.25,13.5,1.2,7.5,13,1.18,7.5,13,1.19,8.3,12.67,1.2,8,15,1.18,7.4,12.97,1.19,8.6,19.5,1.4,2.88,1.34,3.32,1.4,3.35,1.35,3.04,1.4,3.35,-2,1.88,1.93,1.88,2,1.9,2,1.82,1.92,1.88,2.05
N1,23/08/2025,20:00,Telstar,Volendam,2,2,D,2,0,H,18,10,9,6,10,11,4,6,3,0,0,0,2.35,3.8,2.8,2.38,3.6,2.8,2.2,3.8,2.8,2.3,3.6,2.8,2.3,3.7,2.85,2.3,3.7,2.87,2.25,3.7,2.8,2.33,3.78,2.8,2.38,3.8,2.87,2.28,3.69,2.8,2.4,3.8,2.9,1.6,2.3,1.6,2.37,1.64,2.35,1.59,2.25,1.64,2.42,-0.25,2.03,1.78,2.06,1.82,2.03,1.79,1.9,1.77,2.11,1.84,2.1,3.8,3.1,2.1,3.75,3.2,2.14,3.85,2.9,2.15,3.7,3.13,2.15,3.75,3,2.15,3.75,3,2.15,3.75,3,2.2,3.86,3.14,2.33,3.85,3.2,2.15,3.72,3,2.22,3.9,3.4,1.57,2.35,1.61,2.41,1.57,2.38,1.56,2.31,1.62,2.52,-0.25,1.83,1.98,1.93,1.97,2,1.98,1.83,1.89,1.93,2.06
N1,24/08/2025,11:15,Heerenveen,Twente,1,2,A,0,1,A,18,9,3,5,10,19,7,4,3,3,1,0,2.75,3.75,2.3,2.88,3.6,2.3,2.75,3.85,2.2,2.8,3.6,2.3,2.8,3.7,2.35,2.8,3.7,2.3,2.8,3.6,2.3,2.87,3.77,2.29,2.88,3.9,2.35,2.78,3.7,2.28,2.96,3.75,2.48,1.62,2.25,1.65,2.26,1.62,2.35,1.59,2.25,1.76,2.28,0.25,1.78,2.03,1.84,2.02,1.8,2.03,1.76,1.86,,,2.63,3.5,2.5,2.63,3.4,2.63,2.63,3.55,2.45,2.7,3.5,2.55,2.6,3.5,2.6,2.6,3.5,2.6,2.6,3.5,2.6,2.88,3.64,2.43,2.85,3.7,2.63,2.63,3.5,2.52,2.8,3.6,2.72,1.85,1.95,1.79,2.11,1.85,2.06,1.78,1.96,1.92,2.06,0,1.93,1.88,2.12,1.79,2.08,1.91,1.92,1.81,2.02,1.96
N1,24/08/2025,13:30,Nijmegen,NAC Breda,3,0,H,1,0,H,18,7,10,2,16,18,3,1,2,4,0,0,1.55,4.2,5.75,1.53,4.2,6,1.47,4.6,5.75,1.53,4.2,5.5,1.55,4.33,5.5,1.55,4.33,5.5,1.55,4.33,5.5,1.56,4.23,5.63,1.55,4.7,6,1.52,4.32,5.61,1.58,4.3,6,1.67,2.15,1.69,2.19,1.67,2.2,1.65,2.14,1.69,2.26,-1,1.9,1.9,1.96,1.89,1.91,1.93,1.81,1.88,,,1.57,4.33,5.25,1.57,4.33,5.5,1.57,4.35,5,1.57,4.4,5.25,1.61,4.33,5,1.61,4.33,5,1.6,4.2,4.8,1.67,4.25,4.97,1.66,4.4,5.5,1.59,4.29,5.05,1.64,4.6,5.6,1.5,2.5,1.61,2.41,1.59,2.5,1.53,2.39,1.57,2.66,-1,1.95,1.85,2.15,1.78,2.05,1.85,1.93,1.81,2.01,1.93
N1,24/08/2025,13:30,Utrecht,Excelsior,4,1,H,2,0,H,16,12,10,4,6,15,7,5,0,0,0,0,1.42,5.25,6.25,1.4,5,7.5,1.32,5.6,7.5,1.36,5,7,1.42,5.25,6.5,1.4,5.25,6.5,1.4,5,6.5,1.4,5.12,6.73,1.42,5.6,7.5,1.37,5.2,6.87,1.45,5.4,7.4,1.4,2.88,1.43,2.83,1.42,3,1.39,2.8,1.46,3,-1.5,2.05,1.75,2.07,1.79,2.05,1.86,1.97,1.77,,,1.44,4.75,6.25,1.44,4.6,7,1.4,5,6.4,1.4,5,7.5,1.44,4.75,6.5,1.44,4.8,6.5,1.44,4.8,6,1.41,5.16,7.38,1.44,5,7.5,1.42,4.86,6.61,1.49,5,7.4,1.5,2.5,1.5,2.67,1.53,2.6,1.49,2.49,1.57,2.68,-1.25,1.9,1.9,1.87,2.04,1.9,1.96,1.83,1.89,1.99,1.97
N1,24/08/2025,15:45,Ajax,Heracles,2,0,H,1,0,H,27,4,10,0,10,15,10,1,0,2,0,0,1.18,6.5,15,1.18,7.5,13,1.13,8.5,16,1.15,7.5,15,1.18,7.5,14.5,1.18,7.5,15,1.18,7.5,15,1.18,7.18,13.72,1.18,8.5,16,1.16,7.54,14.34,1.19,8.4,17.5,1.36,3.1,1.36,3.07,1.36,3.3,1.33,3.14,1.38,3.3,-2,1.8,2,1.82,2.03,1.8,2.1,1.7,2.01,,,1.19,6.5,12,1.2,7,13,1.18,7,13,1.18,7.5,15,1.22,7,12.5,1.22,7,12,1.22,7,12,1.22,6.91,13.12,1.22,7.5,15,1.2,6.9,12.44,1.22,8,16,1.33,3.4,1.38,3.1,1.36,3.4,1.34,3.06,1.37,3.65,-2,1.93,1.88,2,1.89,1.95,1.92,1.88,1.86,2.02,1.95
N1,29/08/2025,19:00,Groningen,Heracles,4,0,H,3,0,H,17,8,5,0,13,12,6,3,2,1,0,0,1.62,3.9,5.25,1.62,4,5.5,1.57,4.1,5.4,1.6,3.9,5.25,1.62,4,5.25,1.61,4,5.25,1.61,4,5.25,1.65,4.07,5.44,1.62,4.1,5.5,1.6,3.99,5.29,1.66,4.2,6,1.8,2,1.84,2.06,1.81,2,1.78,1.96,1.86,2.12,-1,2.05,1.75,2.13,1.79,2.05,1.81,2,1.75,2.12,1.82,1.62,3.9,5,1.62,4,5.5,1.56,4.1,5.5,1.65,4,5.25,1.66,3.9,5,1.65,3.9,5,1.65,3.9,5,1.61,4.16,5.74,1.66,4.1,5.75,1.61,3.98,5.27,1.7,4.1,5.8,1.75,2.05,1.8,2.09,1.8,2.05,1.76,1.99,1.86,2.14,-1,2.08,1.73,2.05,1.86,2.08,1.83,2,1.75,2.18,1.81
N1,30/08/2025,15:30,Volendam,Ajax,1,1,D,1,0,H,11,13,4,4,12,15,2,7,2,3,0,0,7,5.5,1.36,8.5,5.5,1.33,7.5,5.6,1.32,7.5,5.25,1.33,7.75,5.25,1.36,7.5,5.25,1.36,7.5,5.25,1.35,7.43,5.63,1.34,8.5,5.75,1.36,7.53,5.39,1.34,8.8,5.9,1.38,1.4,2.88,1.4,3,1.44,2.9,1.4,2.79,1.44,3,1.5,1.85,1.95,1.93,1.94,1.9,1.95,1.85,1.89,1.92,1.95,8.5,5.75,1.3,9.5,6,1.29,8,5.8,1.29,9.5,6,1.29,8.5,5.5,1.32,8.5,5.5,1.33,8.5,5.5,1.33,9.09,6.22,1.29,10,6,1.33,8.64,5.82,1.29,11,6.8,1.31,1.36,3.1,1.38,3.13,1.4,3.1,1.38,2.9,1.39,3.45,1.5,2.03,1.78,2.08,1.81,2.03,1.87,1.96,1.79,2.13,1.82
N1,30/08/2025,17:45,Heerenveen,Go Ahead Eagles,2,2,D,1,1,D,19,11,5,5,9,12,3,7,3,1,0,0,2.25,3.7,2.9,2.25,3.6,3,2.28,3.75,2.75,2.2,3.7,2.9,2.3,3.6,2.87,2.3,3.6,2.87,2.3,3.6,2.87,2.24,3.77,2.96,2.3,3.75,3,2.26,3.65,2.86,2.28,3.75,3.1,1.6,2.3,1.6,2.36,1.62,2.32,1.58,2.26,1.64,2.36,-0.25,1.95,1.85,1.98,1.89,2,1.85,1.91,1.8,2,1.93,2.05,4,3.1,2.05,3.75,3.25,2.06,3.95,3.1,2.05,4,3.2,2.05,3.8,3.2,2.05,3.8,3.2,2.05,3.8,3.2,2.15,3.85,3.23,2.1,4,3.25,2.06,3.85,3.16,2.14,4,3.45,1.48,2.6,1.61,2.4,1.53,2.63,1.48,2.51,1.54,2.78,-0.25,1.8,2,1.89,2.01,1.87,2,1.77,1.96,1.85,2.1
N1,30/08/2025,19:00,PSV Eindhoven,Telstar,0,2,A,0,1,A,23,9,5,4,10,11,10,3,1,1,0,0,1.08,12,19,1.08,11,23,1.06,11.5,23,1.07,11,22,1.09,13,20,1.09,13,19,1.09,13,19,1.08,12.65,17.91,1.09,13,23,1.08,11.44,21.19,1.11,12.5,26,1.18,4.5,1.16,4.9,1.2,4.6,1.18,4.42,1.19,5,-3,2.05,1.75,2.08,1.75,2.05,1.82,1.99,1.76,2.09,1.78,1.1,10,17,1.1,10,21,1.08,11,20,1.08,12,23,1.11,11.5,19,1.09,12,21,1.09,12,19,1.09,13.16,19.35,1.11,12,23,1.09,10.78,19.72,1.11,14,29,1.2,4.33,1.17,4.87,1.2,5,1.18,4.5,1.21,5.5,-2.75,1.98,1.83,1.92,1.93,1.98,2.02,1.87,1.86,1.98,1.91
N1,30/08/2025,20:00,Excelsior,Twente,1,0,H,0,0,D,8,27,3,8,13,11,1,4,2,2,1,0,3.8,4,1.83,4,3.75,1.83,3.9,3.9,1.79,3.8,3.9,1.83,3.8,3.8,1.88,3.8,3.8,1.85,3.8,3.75,1.85,4.02,3.98,1.81,4,4,1.88,3.83,3.86,1.82,4.3,4,1.88,1.57,2.35,1.58,2.39,1.58,2.38,1.56,2.31,1.63,2.42,0.5,1.98,1.83,2.04,1.81,2,1.83,1.95,1.79,2.09,1.9,3.5,3.75,1.95,3.75,3.6,1.95,3.95,3.85,1.79,3.7,3.75,1.95,3.7,3.75,1.93,3.7,3.75,1.91,3.7,3.7,1.91,4.02,3.97,1.87,4,3.9,2,3.75,3.73,1.89,4,3.8,2.02,1.67,2.1,1.64,2.35,1.7,2.25,1.64,2.15,1.78,2.22,0.5,1.85,1.95,2.03,1.88,2,1.95,1.89,1.85,1.96,2.02
N1,31/08/2025,11:15,For Sittard,Nijmegen,3,2,H,2,1,H,10,14,5,5,16,8,3,4,4,1,0,0,3,3.75,2.2,3.2,3.6,2.15,3.15,3.65,2.08,3.1,3.6,2.15,3.1,3.7,2.15,3.1,3.7,2.15,3.1,3.7,2.15,3.08,3.73,2.18,3.2,3.75,2.2,3.08,3.65,2.14,3.25,3.85,2.24,1.67,2.15,1.68,2.2,1.67,2.2,1.66,2.13,1.23,2.18,0.25,1.9,1.9,1.93,1.92,1.94,1.9,1.9,1.78,2.01,1.95,2.9,3.9,2.2,3,3.6,2.25,3,3.65,2.16,3,3.8,2.2,2.9,3.7,2.25,2.9,3.7,2.25,2.9,3.6,2.25,3.09,3.69,2.27,3,3.9,2.25,2.96,3.67,2.21,3.15,3.85,2.34,1.57,2.35,1.71,2.23,1.62,2.35,1.59,2.24,1.64,2.5,0.25,1.9,1.9,1.92,1.99,1.9,1.93,1.86,1.82,1.94,2.03
N1,31/08/2025,13:30,Sparta Rotterdam,Feyenoord,0,4,A,0,1,A,7,24,2,11,5,9,1,9,1,2,1,0,3.8,4,1.83,3.75,4,1.83,3.55,3.95,1.87,3.7,3.9,1.83,3.6,4.2,1.83,3.6,4.2,1.83,3.6,4.2,1.83,3.8,3.95,1.86,3.8,4.2,1.88,3.66,3.97,1.84,4,4.1,1.91,1.5,2.5,1.54,2.49,1.57,2.5,1.52,2.42,1.54,2.58,0.5,1.95,1.85,1.98,1.87,1.95,1.89,1.91,1.83,2.05,1.91,3.6,3.9,1.91,3.6,3.75,1.95,3.8,3.9,1.82,3.75,3.9,1.9,3.7,3.8,1.9,3.7,3.8,1.91,3.7,3.8,1.91,3.93,3.9,1.91,3.8,3.9,1.95,3.69,3.81,1.89,3.9,4,1.99,1.6,2.3,1.65,2.34,1.62,2.38,1.58,2.28,1.64,2.5,0.5,1.93,1.88,1.99,1.92,1.96,1.92,1.89,1.84,2,1.98
N1,31/08/2025,13:30,Zwolle,Utrecht,0,2,A,0,2,A,6,14,2,7,13,10,3,2,2,1,0,0,3.1,3.6,2.2,3.1,3.5,2.25,3,3.65,2.17,3,3.5,2.2,3,3.7,2.15,3.1,3.7,2.15,3,3.7,2.15,3.06,3.63,2.23,3.1,3.7,2.25,3.03,3.58,2.18,3.4,3.55,2.26,1.7,2.1,1.7,2.17,1.73,2.2,1.68,2.09,1.61,2.16,0.25,1.85,1.95,1.9,1.95,1.9,1.95,1.86,1.82,1.99,1.95,3.4,3.5,2.1,3.4,3.4,2.15,3.25,3.4,2.12,3.4,3.6,2.1,3.25,3.5,2.15,3.25,3.5,2.15,3.2,3.5,2.15,3.33,3.45,2.26,3.45,3.6,2.15,3.32,3.45,2.12,3.7,3.55,2.16,1.8,2,1.85,2.05,1.8,2.04,1.76,1.98,1.89,2.08,0.25,1.98,1.83,1.95,1.95,2,1.85,1.94,1.74,2.1,1.87
N1,31/08/2025,15:45,NAC Breda,AZ Alkmaar,0,1,A,0,0,D,11,25,6,8,8,13,1,7,0,5,1,0,5,4.5,1.57,5.5,4.33,1.57,5.4,4.5,1.5,5.25,4.33,1.55,5.25,4.2,1.58,5.25,4.2,1.57,5.25,4.2,1.57,5.19,4.45,1.56,5.5,4.6,1.58,5.22,4.34,1.55,6.2,4.4,1.59,1.57,2.35,1.58,2.4,1.57,2.38,1.56,2.32,1.01,1.25,1,1.85,1.95,1.9,1.95,1.95,1.95,1.86,1.87,,,4.2,4,1.73,4.6,3.75,1.73,4.8,4,1.63,4.75,4,1.7,4.4,3.9,1.73,4.6,4,1.7,4.6,3.9,1.67,4.78,4.3,1.68,4.9,4,1.73,4.56,3.93,1.69,5,4,1.77,1.75,2.05,1.65,2.34,1.75,2.2,1.67,2.12,1.78,2.22,0.75,1.85,1.95,2.05,1.87,1.98,1.95,1.87,1.85,1.99,1.98
N1,13/09/2025,15:30,Ajax,Zwolle,3,1,H,2,0,H,12,8,7,3,18,9,7,1,2,1,0,0,1.25,6,11,1.29,6,10,1.25,6.1,9.5,1.25,6,10,1.28,6,9.75,1.28,6,9.5,1.28,6,9.5,1.26,6.14,9.3,1.29,6.25,11,1.26,5.95,9.62,1.28,6.6,11.5,1.48,2.6,1.44,2.77,1.49,2.75,1.45,2.61,1.48,2.8,-1.75,1.98,1.83,1.97,1.88,1.98,1.89,1.92,1.83,1.99,1.89,1.3,5.75,9,1.29,5.5,10,1.27,6,8.5,1.3,5.75,9.5,1.31,5.75,8.75,1.3,5.75,8.5,1.3,5.5,8.5,1.32,5.93,8.72,1.31,6.1,10,1.29,5.72,8.85,1.33,6.2,10.5,1.44,2.7,1.47,2.76,1.48,2.75,1.44,2.64,1.49,2.98,-1.5,1.83,1.98,1.93,1.97,1.85,1.98,1.8,1.94,1.9,2.07
N1,13/09/2025,17:45,Go Ahead Eagles,Volendam,3,0,H,3,0,H,19,19,13,1,12,9,7,7,1,1,0,0,1.53,4.5,5.5,1.53,4.6,5.5,1.5,4.7,5.3,1.5,4.5,5.5,1.53,4.6,5.25,1.53,4.6,5.25,1.53,4.6,5.25,1.53,4.72,5.26,1.6,4.75,5.5,1.52,4.53,5.25,1.57,4.9,5.9,1.44,2.7,1.44,2.82,1.45,2.75,1.42,2.69,1.47,2.92,-1,1.8,2,1.85,2.03,2.12,2,1.83,1.93,1.86,2.04,1.5,4.75,5.5,1.5,5,5.5,1.47,4.9,5.4,1.5,5,5.75,1.51,4.8,5.25,1.5,4.8,5.25,1.5,4.8,5.25,1.53,5.02,5.36,1.6,5,5.75,1.5,4.78,5.32,1.57,5,6,1.33,3.4,1.36,3.29,1.41,3.4,1.34,3.08,1.38,3.5,-1.25,1.98,1.83,2.05,1.87,2,1.83,1.96,1.79,2.07,1.87
N1,13/09/2025,17:45,Nijmegen,PSV Eindhoven,3,5,A,1,3,A,20,18,7,11,8,18,8,4,2,4,0,0,5,4.33,1.62,5,4.5,1.6,5,4.35,1.56,4.5,4.5,1.6,4.5,4.5,1.63,4.5,4.5,1.65,4.4,4.4,1.61,4.81,4.26,1.63,5,4.5,1.65,4.75,4.36,1.59,5.2,4.6,1.65,1.33,3.4,1.33,3.34,1.41,3.4,1.32,3.17,1.35,3.4,1,1.83,1.98,1.85,2.03,1.91,1.98,1.84,1.91,1.91,1.99,5,4.33,1.6,4.6,4.6,1.6,4.6,4.3,1.62,4.6,4.8,1.6,4.6,4.5,1.62,4.5,4.6,1.61,4.5,4.5,1.61,4.83,4.31,1.67,5,4.8,1.62,4.65,4.44,1.6,5.4,4.6,1.65,1.29,3.6,1.34,3.37,1.41,3.6,1.3,3.31,1.33,3.9,1,1.85,1.95,1.84,2.08,1.86,1.98,1.82,1.93,1.97,1.98
N1,13/09/2025,20:00,Feyenoord,Heerenveen,1,0,H,1,0,H,10,11,5,1,10,11,6,3,2,2,1,1,1.38,5,7.5,1.36,5,8,1.34,5.25,7.5,1.36,5,7.5,1.38,5,7.75,1.36,5,7.5,1.36,5,7.5,1.39,5.13,7.09,1.39,5.3,9,1.36,5.01,7.56,1.41,5.6,8,1.57,2.35,1.57,2.42,1.57,2.55,1.52,2.41,1.6,2.48,-1.5,2.05,1.75,2.09,1.77,2.05,1.84,1.99,1.77,2.1,1.79,1.33,5.5,8,1.33,5.5,8.5,1.32,5.4,7.5,1.3,6,9,1.33,5.75,8,1.35,5.5,7.5,1.35,5.5,7.5,1.36,5.63,7.78,1.35,6,9,1.32,5.56,7.99,1.37,5.8,9.6,1.36,3.1,1.45,2.84,1.44,3.1,1.38,2.89,1.42,3.2,-1.5,1.83,1.98,2,1.91,1.9,1.98,1.84,1.92,1.96,2
N1,13/09/2025,20:00,Twente,NAC Breda,2,2,D,0,1,A,15,11,6,5,15,17,4,3,2,1,0,0,1.45,4.5,6.5,1.44,4.33,7,1.42,4.7,6.75,1.44,4.4,7,1.49,4.5,6.25,1.48,4.5,6.5,1.48,4.4,6,1.47,4.55,6.34,1.49,4.7,7,1.45,4.47,6.48,1.51,4.7,7.2,1.7,2.1,1.72,2.14,1.7,2.28,1.65,2.14,1.73,2.2,-1.25,2,1.8,2.08,1.81,2.01,1.85,1.95,1.8,2,1.77,1.5,4.5,6,1.5,4.5,6.5,1.52,4.3,5.6,1.5,4.5,6,1.49,4.5,6.25,1.5,4.33,6,1.5,4.33,6,1.6,4.35,5.55,1.52,4.5,7,1.49,4.41,6.04,1.54,4.6,7,1.6,2.3,1.75,2.16,1.68,2.3,1.62,2.19,1.71,2.36,-1,1.78,2.03,2,1.91,1.87,2.16,1.78,1.98,1.86,2.08
N1,14/09/2025,11:15,Excelsior,Sparta Rotterdam,0,1,A,0,0,D,17,19,4,7,11,8,7,2,4,1,1,0,3.2,3.6,2.15,3.1,3.5,2.25,3.25,3.75,2.02,3.1,3.6,2.15,3.2,3.6,2.1,3.2,3.6,2.1,3.2,3.6,2.1,3.11,3.67,2.19,3.25,3.8,2.25,3.11,3.59,2.13,3.35,3.7,2.26,1.67,2.15,1.69,2.19,1.68,2.2,1.67,2.12,1.72,2.24,0.25,1.9,1.9,1.93,1.92,2.02,1.98,1.91,1.82,1.99,1.95,2.55,3.7,2.6,2.6,3.6,2.5,2.4,3.7,2.7,2.5,3.8,2.6,2.5,3.7,2.55,2.45,3.7,2.62,2.45,3.6,2.62,2.58,3.71,2.66,2.6,3.8,2.7,2.47,3.67,2.61,2.6,3.6,2.88,1.5,2.5,1.54,2.58,1.58,2.5,1.54,2.38,1.64,2.56,0,1.88,1.93,1.92,1.99,2.1,2,1.91,1.84,1.89,2.08
N1,14/09/2025,13:30,Heracles,AZ Alkmaar,1,2,A,1,1,D,19,25,6,8,11,11,6,9,1,5,0,0,6,4.5,1.5,6,4.33,1.53,5.75,4.5,1.49,6,4.4,1.5,5.75,4.4,1.53,5.75,4.4,1.53,5.5,4.33,1.53,5.9,4.59,1.5,6,4.5,1.53,5.74,4.36,1.51,6.6,4.6,1.51,1.57,2.35,1.58,2.4,1.64,2.35,1.59,2.26,1.6,2.44,1,2.03,1.78,2.06,1.79,2.03,2,1.95,1.81,2.06,1.82,5,4.33,1.6,5,4.33,1.6,5.4,4.5,1.5,5.25,4.4,1.57,5.25,4.4,1.58,5.25,4.4,1.57,5,4.33,1.57,5.59,4.56,1.56,5.4,4.5,1.62,5.09,4.35,1.57,5.8,4.5,1.63,1.53,2.4,1.57,2.5,1.54,2.63,1.51,2.46,1.57,2.68,1,1.8,2,1.99,1.92,1.96,2,1.85,1.9,1.93,2.01
N1,14/09/2025,13:30,Utrecht,Groningen,0,1,A,0,0,D,14,13,3,6,9,16,3,4,0,4,0,0,1.75,4,4.33,1.8,3.75,4.33,1.73,3.9,4.25,1.73,3.8,4.33,1.78,4,4,1.73,3.7,3.75,1.73,3.7,3.75,1.78,3.88,4.26,1.8,4,4.4,1.75,3.8,4.16,1.81,3.95,4.5,1.67,2.15,1.7,2.18,1.7,2.25,1.66,2.13,1.73,2.24,-0.75,1.98,1.83,2.02,1.85,1.98,1.88,1.93,1.82,2.04,1.89,1.7,3.7,5.25,1.73,3.75,4.6,1.7,3.75,4.75,1.7,3.75,5.25,1.71,3.75,4.8,1.7,3.5,4.2,1.7,3.5,4.2,1.75,3.82,4.97,1.73,3.75,5.25,1.7,3.69,4.78,1.78,3.8,5.5,2,1.8,1.96,1.93,2,2.25,1.88,1.86,2.02,1.93,-0.75,1.85,1.95,1.97,1.93,1.92,1.95,1.87,1.88,2.02,1.96
N1,14/09/2025,15:45,Telstar,For Sittard,1,3,A,1,1,D,18,9,7,6,14,17,10,1,1,0,0,0,2.35,3.6,2.88,2.38,3.5,2.88,2.3,3.6,2.85,2.38,3.5,2.75,2.3,3.6,2.85,2.3,3.6,2.87,2.3,3.6,2.8,2.49,3.33,2.88,2.38,3.6,2.88,2.34,3.51,2.81,2.52,3.4,2.94,1.67,2.15,1.7,2.18,1.7,2.2,1.66,2.12,1.61,2.18,-0.25,2.03,1.78,2.14,1.74,2.06,1.8,2.02,1.75,2.16,1.78,2.05,3.6,3.5,2.15,3.5,3.3,2.1,3.45,3.25,2.05,3.6,3.5,2.1,3.5,3.4,2.1,3.5,3.4,2.1,3.4,3.4,2.25,3.48,3.31,2.3,3.6,3.5,2.1,3.47,3.34,2.12,3.55,3.9,1.8,2,1.76,2.15,1.8,2.08,1.74,2.01,1.86,2.14,-0.25,1.73,2.08,1.95,1.95,2.06,2.08,1.81,1.95,1.83,2.16
N1,17/09/2025,19:00,Feyenoord,For Sittard,2,0,H,1,0,H,19,5,5,0,11,9,13,0,0,1,0,0,1.29,5.5,10,1.29,5.5,10,1.27,5.75,9,1.25,6,10,1.29,6,9.25,1.3,5.75,9,1.28,5.75,9,1.31,5.18,10.05,1.3,6,10,1.28,5.7,9.23,1.3,6.8,10.5,1.48,2.6,1.5,2.62,1.5,2.65,1.45,2.6,1.5,2.8,-1.75,2,1.8,2.03,1.83,2.02,1.8,1.98,1.76,2.03,1.85,1.27,5.5,10,1.25,6,11,1.23,6.1,10.5,1.25,6.5,11,1.28,6,10,1.28,6,10,1.28,5.75,10,1.29,5.47,11.47,1.29,6.5,11,1.26,5.95,10.1,1.29,6.4,12.5,1.44,2.7,1.48,2.69,1.48,2.85,1.42,2.7,1.5,2.96,-1.75,1.95,1.85,1.98,1.91,1.98,1.96,1.89,1.86,2,1.94
N1,19/09/2025,19:00,Sparta Rotterdam,Twente,1,5,A,1,1,D,7,23,2,11,7,6,1,6,0,1,0,0,2.8,3.4,2.45,2.88,3.5,2.38,2.85,3.5,2.3,2.8,3.6,2.3,2.9,3.5,2.3,2.9,3.5,2.3,2.9,3.5,2.3,2.93,3.59,2.42,2.9,3.6,2.45,2.85,3.48,2.33,3,3.7,2.46,1.65,2.2,1.68,2.27,1.74,2.2,1.67,2.11,1.72,2.32,0.25,1.73,2.08,1.82,2.11,1.79,2.08,1.76,1.93,1.84,2.14,2.75,3.6,2.4,2.8,3.5,2.4,2.8,3.5,2.33,2.8,3.7,2.38,2.8,3.5,2.4,2.8,3.5,2.4,2.8,3.5,2.37,2.9,3.56,2.46,2.8,3.7,2.44,2.77,3.53,2.38,2.98,3.7,2.5,1.67,2.15,1.68,2.27,1.67,2.25,1.62,2.21,1.65,2.44,0,2.08,1.73,2.13,1.8,2.08,1.83,1.97,1.77,2.19,1.83
N1,20/09/2025,15:30,Volendam,Excelsior,1,2,A,1,1,D,14,15,7,6,11,19,5,3,3,2,0,0,2.3,3.8,2.8,2.3,3.6,2.88,2.3,3.6,2.8,2.3,3.7,2.75,2.3,3.75,2.8,2.3,3.75,2.8,2.3,3.7,2.75,2.32,3.78,2.83,2.34,3.8,2.88,2.3,3.68,2.78,2.36,4,2.86,1.53,2.4,1.57,2.44,1.56,2.5,1.52,2.4,1.56,2.54,-0.25,2,1.8,2.05,1.83,2.02,1.8,1.98,1.77,2.08,1.84,2.2,3.6,3.1,2.25,3.6,3,2.17,3.7,2.95,2.2,3.8,3,2.2,3.75,2.95,2.25,3.75,2.87,2.25,3.75,2.8,2.3,3.85,2.95,2.25,3.8,3.1,2.21,3.69,2.95,2.28,4,3.15,1.57,2.35,1.48,2.7,1.57,2.6,1.51,2.45,1.58,2.6,-0.25,1.9,1.9,2.02,1.88,1.92,1.9,1.88,1.86,1.99,2
N1,20/09/2025,17:45,Groningen,Telstar,2,0,H,1,0,H,16,7,6,3,9,10,7,2,1,2,0,0,1.8,3.6,4.5,1.8,3.6,4.5,1.74,3.85,4.25,1.75,3.7,4.4,1.8,3.6,4.5,1.8,3.6,4.5,1.8,3.6,4.5,1.8,3.66,4.43,1.82,3.85,4.5,1.78,3.67,4.37,1.86,3.8,4.7,1.88,1.93,1.91,1.94,1.91,2,1.82,1.91,1.91,1.98,-0.75,2.03,1.78,2.06,1.82,2.03,1.82,1.97,1.79,2.13,1.85,1.53,4.2,6.25,1.53,4.2,6,1.56,4,5.6,1.53,4.33,6,1.57,4,6,1.57,4,6,1.57,4,5.75,1.63,4.1,5.53,1.57,4.33,6.25,1.54,4.11,5.86,1.59,4.3,6.8,1.75,2.05,1.85,2.05,1.8,2.05,1.75,1.99,1.83,2.16,-1,1.88,1.93,2.11,1.81,1.98,1.93,1.91,1.86,1.99,1.98
N1,20/09/2025,19:00,For Sittard,Utrecht,1,0,H,1,0,H,8,14,3,5,12,7,1,11,4,2,0,0,3.8,3.6,1.95,3.75,3.6,1.95,3.7,3.65,1.91,3.6,3.7,1.93,3.5,3.75,1.98,3.5,3.75,1.95,3.5,3.7,1.95,3.69,3.72,1.95,3.8,3.75,1.98,3.64,3.64,1.94,4,3.7,2,1.75,2.05,1.77,2.1,1.75,2.1,1.71,2.05,1.86,2.12,0.5,1.85,1.95,1.9,1.97,1.87,1.95,1.84,1.9,1.94,2,3.2,3.4,2.25,3.3,3.4,2.2,3.3,3.55,2.07,3.13,3.6,2.2,3.3,3.5,2.15,3.3,3.5,2.15,3.3,3.4,2.1,3.27,3.53,2.25,3.35,3.6,2.25,3.24,3.46,2.16,3.45,3.55,2.28,1.8,2,1.86,2.03,1.83,2,1.77,1.97,1.88,2.08,0.25,1.9,1.9,1.95,1.95,1.98,1.9,1.91,1.79,2.01,1.96
N1,20/09/2025,20:00,NAC Breda,Heracles,2,1,H,0,1,A,17,14,4,5,9,16,10,4,1,2,0,0,2,3.6,3.6,1.95,3.4,3.4,2,3.55,3.5,1.95,3.6,3.5,2.05,3.5,3.5,2.05,3.5,3.5,2.05,3.5,3.4,2.01,3.6,3.63,2.05,3.6,3.6,2.01,3.52,3.48,2.04,3.7,3.8,1.75,2.05,1.78,2.06,1.77,2.05,1.74,2,1.79,2.1,-0.5,1.98,1.83,2.03,1.85,2,1.83,1.96,1.79,2.05,1.89,1.8,3.8,4.2,1.83,3.4,3.75,1.84,3.65,3.95,1.91,3.75,3.9,1.9,3.6,3.9,1.91,3.6,3.9,1.91,3.6,3.8,1.9,3.82,4.06,1.91,3.8,4.2,1.86,3.64,3.92,1.93,3.85,4.4,1.73,2.08,1.77,2.13,1.78,2.08,1.73,2.02,1.8,2.2,-0.5,1.8,2,1.91,2,1.9,2,1.84,1.9,1.94,2.05
N1,21/09/2025,11:15,Zwolle,Go Ahead Eagles,0,2,A,0,0,D,8,20,1,9,5,8,3,7,1,2,1,0,2.5,3.5,2.75,2.4,3.6,2.75,2.35,3.7,2.65,2.4,3.7,2.63,2.5,3.6,2.65,2.5,3.6,2.62,2.5,3.6,2.62,2.43,3.73,2.71,2.5,3.75,2.75,2.42,3.61,2.66,2.46,3.8,2.82,1.57,2.35,1.57,2.41,1.61,2.4,1.56,2.32,1.01,1.25,0,1.8,2,1.83,2.04,1.85,2.02,1.77,1.96,,,2.63,3.4,2.63,2.5,3.5,2.75,2.43,3.55,2.65,2.63,3.6,2.55,2.55,3.5,2.6,2.5,3.6,2.6,2.45,3.5,2.62,2.59,3.58,2.72,2.63,3.6,2.75,2.52,3.5,2.63,2.72,3.65,2.76,1.7,2.1,1.66,2.3,1.7,2.2,1.66,2.14,1.74,2.28,0,1.9,1.9,1.9,2,1.9,2.02,1.81,1.92,1.97,2.02
N1,21/09/2025,13:30,Heerenveen,Nijmegen,3,2,H,1,0,H,14,11,8,6,10,14,6,6,1,1,0,1,2.55,3.6,2.63,2.5,3.6,2.63,2.48,3.8,2.48,2.45,3.75,2.55,2.55,3.7,2.55,2.6,3.7,2.5,2.5,3.6,2.5,2.47,3.95,2.55,2.6,3.85,2.63,2.49,3.69,2.54,2.66,3.9,2.6,1.48,2.6,1.48,2.63,1.53,2.6,1.49,2.49,1.5,2.72,0,1.85,1.95,1.89,1.96,1.9,1.95,1.85,1.89,,,2.45,3.5,2.8,2.4,3.6,2.75,2.43,3.75,2.55,2.38,3.9,2.7,2.35,3.75,2.7,2.37,3.75,2.7,2.3,3.75,2.7,2.47,3.79,2.74,2.45,3.9,2.8,2.39,3.7,2.67,2.48,3.9,2.86,1.5,2.5,1.57,2.5,1.54,2.63,1.49,2.51,1.56,2.74,0,1.78,2.03,1.85,2.06,1.87,2.03,1.81,1.95,1.85,2.14
N1,21/09/2025,13:30,PSV Eindhoven,Ajax,2,2,D,1,1,D,16,14,8,6,17,13,9,5,2,5,0,0,1.73,4,4.5,1.73,4.2,4.2,1.67,4.2,4.3,1.7,4.2,4.1,1.73,4.1,4.33,1.73,4,4.33,1.73,4,4.2,1.73,3.98,4.44,1.73,4.25,4.5,1.71,4.08,4.24,1.78,4.3,4.7,1.4,2.88,1.43,2.83,1.44,2.88,1.42,2.71,1.45,2.9,-0.75,1.9,1.9,1.93,1.93,1.9,1.93,1.85,1.88,,,1.57,4.5,4.75,1.6,4.5,5,1.58,4.3,4.9,1.6,4.6,4.8,1.62,4.4,4.75,1.61,4.4,4.8,1.61,4.4,4.6,1.65,4.34,4.96,1.62,4.6,5,1.59,4.42,4.8,1.65,4.7,5.4,1.33,3.4,1.39,3.1,1.4,3.4,1.35,3.05,1.4,3.35,-1,1.93,1.88,2.04,1.87,1.98,1.88,1.91,1.84,2,1.97
N1,21/09/2025,15:45,AZ Alkmaar,Feyenoord,3,3,D,1,1,D,9,19,5,3,9,10,4,11,4,5,0,1,2.3,3.5,3,2.38,3.5,2.88,2.38,3.55,2.7,2.3,3.5,2.88,2.3,3.7,2.8,2.3,3.7,2.8,2.3,3.6,2.8,2.39,3.52,2.88,2.4,3.7,3,2.33,3.52,2.82,2.36,3.6,2.96,1.73,2.08,1.77,2.07,1.75,2.12,1.69,2.07,1.76,2.14,0,1.73,2.08,1.75,2.12,1.75,2.1,1.7,2.06,,,2.45,3.7,2.63,2.5,3.6,2.63,2.4,3.5,2.7,2.45,3.8,2.63,2.4,3.75,2.65,2.4,3.8,2.62,2.4,3.75,2.62,2.47,3.76,2.76,2.5,3.8,2.7,2.43,3.66,2.64,2.52,3.9,2.82,1.53,2.4,1.6,2.43,1.6,2.5,1.53,2.38,1.61,2.6,0,1.83,1.98,1.85,2.07,1.85,2.07,1.76,1.98,1.87,2.12
N1,24/09/2025,19:00,AZ Alkmaar,Zwolle,2,2,D,2,1,H,28,8,9,4,12,10,9,1,1,2,0,0,1.36,5.25,7.5,1.33,5.5,8.5,1.3,5.5,8.5,1.3,5.25,8.5,1.35,5.5,7.75,1.35,5.5,8,1.35,5.5,7.5,1.34,5.48,7.83,1.36,5.5,8.5,1.33,5.35,8.04,1.37,5.7,9,1.44,2.7,1.46,2.71,1.5,2.75,1.45,2.61,1.5,2.76,-1.5,1.93,1.88,1.97,1.89,1.93,1.92,1.87,1.87,1.96,1.91,1.3,5.5,8.5,1.3,5.5,9,1.29,5.75,8.5,1.3,5.75,9.5,1.32,5.75,8.5,1.33,5.75,8.5,1.3,5.5,8.5,1.35,5.81,8.12,1.33,5.75,9.5,1.3,5.62,8.5,1.33,6.2,10.5,1.44,2.7,1.43,2.92,1.45,2.75,1.43,2.67,1.48,3,-1.5,1.85,1.95,1.95,1.95,1.85,1.97,1.82,1.93,1.94,2.03
N1,26/09/2025,19:00,Twente,For Sittard,3,2,H,1,0,H,18,8,10,4,14,13,4,5,1,2,0,0,1.42,4.75,7,1.4,4.6,7.5,1.42,4.7,6.75,1.4,4.75,7,1.44,4.75,6.75,1.44,4.8,6.5,1.44,4.6,6.5,1.45,4.83,7.05,1.44,4.8,7.5,1.42,4.68,6.82,1.46,5,8.2,1.6,2.3,1.63,2.37,1.62,2.33,1.58,2.26,1.64,2.46,-1.25,1.9,1.9,2.01,1.9,1.92,1.9,1.88,1.86,1.96,1.95,1.42,4.75,7,1.4,4.6,7.5,1.4,4.75,7,1.4,5,7.5,1.44,4.75,7,1.44,4.6,7,1.44,4.6,7,1.45,4.83,7.05,1.44,5,7.5,1.41,4.7,7.16,1.46,5.1,8.4,1.6,2.3,1.63,2.37,1.62,2.3,1.6,2.24,1.67,2.44,-1.25,1.9,1.9,2.01,1.9,1.9,1.9,1.86,1.88,1.98,2.01
N1,27/09/2025,15:30,Ajax,NAC Breda,2,1,H,1,1,D,12,17,7,7,11,14,2,7,2,4,0,1,1.27,6,9.5,1.29,6,10,1.23,6.75,9.5,1.25,6,9.5,1.29,6,9.25,1.28,6,9,1.28,6,9,1.26,5.95,10.12,1.29,6.75,10,1.26,6.15,9.25,1.27,7.4,11,1.36,3.1,1.35,3.18,1.36,3.25,1.34,3.07,1.38,3.35,-1.75,1.9,1.9,1.93,1.93,1.9,1.98,1.83,1.91,1.9,1.98,1.3,5.5,8.5,1.25,6,11,1.25,6.1,9.5,1.29,5.75,10,1.3,5.75,9.25,1.28,6,9.5,1.28,5.75,9.5,1.28,5.98,10.32,1.3,6.1,11,1.28,5.79,9.48,1.3,6.2,12.5,1.5,2.5,1.46,2.74,1.5,2.8,1.47,2.57,1.54,2.74,-1.75,2.05,1.75,2.04,1.85,2.05,1.89,1.95,1.8,2.07,1.88
N1,27/09/2025,17:45,Volendam,Zwolle,2,1,H,1,1,D,15,14,3,2,11,12,3,5,2,3,0,0,2.75,3.5,2.45,2.75,3.5,2.5,2.63,3.65,2.4,2.63,3.6,2.45,2.7,3.6,2.4,2.7,3.6,2.45,2.7,3.6,2.4,2.65,3.58,2.54,2.75,3.65,2.5,2.66,3.56,2.44,2.8,3.75,2.48,1.62,2.25,1.66,2.24,1.63,2.28,1.61,2.22,1.65,2.32,0,1.98,1.83,1.98,1.89,1.98,1.85,1.92,1.8,2.05,1.86,2.45,3.5,2.8,2.4,3.5,2.8,2.43,3.5,2.65,2.45,3.7,2.7,2.45,3.6,2.7,2.45,3.6,2.62,2.45,3.6,2.62,2.38,3.54,2.79,2.5,3.7,2.8,2.44,3.53,2.69,2.56,3.7,2.86,1.67,2.15,1.65,2.22,1.67,2.25,1.64,2.17,1.7,2.32,0,1.78,2.03,1.77,2.07,1.83,2.03,1.78,1.95,1.88,2.09
N1,27/09/2025,19:00,Excelsior,PSV Eindhoven,1,2,A,1,1,D,18,18,5,8,8,5,3,2,0,0,0,0,9,7,1.25,10,6.5,1.25,10.5,6.75,1.22,10,6.5,1.22,9.5,6.5,1.26,9.5,6.5,1.25,9.5,6.5,1.25,8.71,6.65,1.25,10.5,7,1.26,9.66,6.5,1.24,11,7,1.28,1.29,3.6,1.28,3.58,1.29,3.6,1.28,3.49,1.29,3.95,2,1.75,2.05,1.77,2.07,1.85,2.05,1.77,1.99,1.87,2.02,7,5.75,1.36,7,5,1.4,7.5,5.75,1.32,7.5,5.5,1.36,6,5.25,1.42,6.5,5.5,1.4,6,5.25,1.4,7.21,6.16,1.36,7.5,5.75,1.42,6.76,5.42,1.37,8,5.7,1.42,1.33,3.4,1.34,3.41,1.34,3.4,1.31,3.24,1.35,3.75,1.5,1.78,2.03,1.93,1.98,1.92,2.05,1.82,1.93,1.88,2.1
N1,27/09/2025,20:00,Heracles,Sparta Rotterdam,3,0,H,1,0,H,12,18,5,5,12,11,5,4,2,4,0,0,2.9,3.8,2.2,3,3.6,2.25,3.1,3.75,2.12,3,3.6,2.2,3,3.7,2.15,3,3.7,2.15,3,3.7,2.15,3.09,3.73,2.18,3.1,3.8,2.25,3,3.67,2.17,3.2,4,2.26,1.6,2.3,1.63,2.32,1.62,2.3,1.59,2.24,1.64,2.4,0.25,1.88,1.93,1.94,1.93,1.95,1.93,1.9,1.82,2.01,1.97,2.38,3.75,2.7,2.4,3.5,2.8,2.55,3.65,2.5,2.45,3.7,2.7,2.4,3.6,2.7,2.5,3.7,2.6,2.4,3.6,2.7,2.64,3.6,2.66,2.55,3.75,2.8,2.45,3.61,2.66,2.58,3.65,2.88,1.67,2.15,1.67,2.31,1.67,2.25,1.63,2.19,1.71,2.32,0,1.75,2.05,1.94,1.96,1.83,2.05,1.77,1.98,1.89,2.11
N1,28/09/2025,11:15,Nijmegen,AZ Alkmaar,2,1,H,1,0,H,14,7,4,2,14,16,5,4,1,6,0,1,3,4.1,2.1,3,4,2.15,3.1,3.95,2.02,3,3.9,2.1,3,4,2.1,3.1,4,2.1,3,3.9,2.1,2.96,4.18,2.11,3.1,4.2,2.15,3.02,3.97,2.08,3.1,4.3,2.16,1.44,2.7,1.44,2.79,1.47,2.75,1.43,2.66,1.48,2.84,0.25,1.95,1.85,1.97,1.88,2,1.85,1.95,1.76,2.01,1.91,3.3,4.1,1.95,3.3,4,2,3.2,4,1.95,3.25,4.1,2,3.2,4,2.05,3.2,4,2.05,3.1,4,2,3.18,4.1,2.1,3.3,4.1,2.05,3.23,4.01,1.98,3.55,4.1,2.06,1.4,2.88,1.46,2.8,1.42,3,1.4,2.81,1.44,3.15,0.5,1.85,1.95,1.81,2.1,1.85,2,1.8,1.94,1.92,2.06
N1,28/09/2025,13:30,Groningen,Feyenoord,0,1,A,0,0,D,12,11,5,5,16,6,3,4,2,2,1,0,4.5,3.9,1.75,4.5,4,1.73,4.4,3.95,1.68,,,,4.33,4,1.73,4.33,4,1.73,4.33,3.9,1.73,4.45,3.82,1.76,4.5,4,1.76,4.35,3.92,1.72,5,4.1,1.75,1.67,2.15,1.71,2.16,1.69,2.2,1.65,2.15,1.71,2.22,0.75,1.85,1.95,1.87,1.99,1.9,1.95,1.86,1.92,1.96,1.95,4.33,3.25,1.9,3.75,3.6,1.95,4,3.5,1.87,4.6,3.5,1.83,3.8,3.5,1.95,3.8,3.5,1.95,3.8,3.5,1.95,4.19,3.59,1.93,4.6,3.6,1.95,4.03,3.45,1.91,4.2,3.75,1.98,1.83,1.98,1.74,2.18,1.84,2.08,1.77,1.98,1.9,2.08,0.5,1.9,1.9,1.96,1.93,1.92,1.91,1.88,1.87,2,1.98
N1,28/09/2025,13:30,Utrecht,Heerenveen,2,2,D,1,1,D,14,10,5,4,14,12,5,3,2,2,0,0,1.8,4,3.9,1.83,3.75,4,1.76,4,3.95,1.8,3.8,4,1.8,3.9,4,1.8,3.9,4,1.8,3.9,4,1.84,3.97,3.88,1.83,4,4,1.8,3.87,3.95,1.89,3.95,4.4,1.67,2.15,1.68,2.22,1.67,2.3,1.61,2.21,1.78,2.22,-0.5,1.8,2,1.85,2.01,1.83,2.02,1.78,1.98,1.89,2.11,1.8,4,4,1.8,3.75,4.33,1.72,3.95,4.2,1.8,3.9,4.2,1.78,3.9,4.2,1.8,3.9,4.2,1.8,3.8,4.2,1.95,3.87,3.78,1.8,4,4.33,1.77,3.88,4.19,1.84,4.1,4.5,1.67,2.15,1.73,2.19,1.7,2.2,1.65,2.15,1.73,2.34,-0.75,2,1.8,2.24,1.71,2,1.85,1.95,1.8,2.07,1.9
N1,28/09/2025,15:45,Telstar,Go Ahead Eagles,4,2,H,2,1,H,20,13,9,4,13,9,8,3,2,0,0,0,2.8,3.75,2.3,2.88,3.6,2.3,2.95,3.55,2.23,2.8,3.7,2.25,2.8,3.7,2.3,2.8,3.7,2.3,2.8,3.7,2.3,2.92,3.69,2.29,2.95,3.75,2.3,2.84,3.62,2.27,3.1,3.75,2.32,1.6,2.3,1.61,2.34,1.62,2.3,1.58,2.28,1.57,2.16,0.25,1.8,2,1.85,2.01,1.85,2,1.81,1.89,,,2.8,3.7,2.3,2.88,3.6,2.3,2.9,3.6,2.23,2.9,3.75,2.3,2.8,3.7,2.3,2.8,3.7,2.3,2.8,3.7,2.3,3.02,3.71,2.31,2.95,3.75,2.32,2.85,3.63,2.29,3.1,3.8,2.38,1.6,2.3,1.64,2.35,1.62,2.32,1.57,2.28,1.66,2.44,0.25,1.8,2,1.89,2.02,1.84,2,1.81,1.89,1.91,2.08
N1,03/10/2025,19:00,NAC Breda,Groningen,1,2,A,0,1,A,11,14,4,9,16,14,7,6,3,1,0,0,2.6,3.3,2.63,2.75,3.3,2.63,2.65,3.25,2.55,2.6,3.3,2.6,2.6,3.4,2.6,2.62,3.4,2.6,2.6,3.4,2.6,2.68,3.45,2.7,2.75,3.4,2.64,2.63,3.3,2.6,2.82,3.5,2.74,1.93,1.88,2,1.89,2.04,1.91,1.93,1.81,2,1.97,0,1.88,1.93,1.94,1.96,1.91,1.93,1.85,1.88,2.02,1.95,2.6,3.3,2.63,2.75,3.25,2.63,2.55,3.4,2.6,2.7,3.3,2.63,2.6,3.3,2.7,2.62,3.3,2.7,2.6,3.3,2.62,2.62,3.48,2.74,2.75,3.4,2.71,2.61,3.3,2.64,2.72,3.4,2.88,2.03,1.78,1.94,1.94,2.03,1.83,1.97,1.78,2.06,1.91,0,1.9,1.9,1.91,2,1.91,1.91,1.86,1.87,1.93,2.05
N1,04/10/2025,15:30,Sparta Rotterdam,Ajax,3,3,D,1,1,D,14,17,5,4,8,9,6,4,1,3,0,0,4.1,4.1,1.75,4,4,1.8,4,4,1.74,4,4,1.75,3.9,4.1,1.8,3.9,4,1.8,3.9,4,1.8,4.16,4.14,1.75,4.1,4.1,1.82,3.97,4,1.77,4.3,4.2,1.8,1.53,2.4,1.55,2.46,1.58,2.5,1.53,2.38,1.57,2.56,0.5,2.05,1.75,2.12,1.75,2.05,1.83,2.02,1.75,2.14,1.79,4.33,4.1,1.73,4.33,4,1.73,4.4,4.1,1.66,4.5,4.1,1.7,4.5,4,1.71,4.5,4,1.7,4.4,4,1.7,4.58,4.27,1.71,4.55,4.2,1.73,4.38,4.04,1.7,5,4.2,1.75,1.57,2.35,1.58,2.48,1.58,2.38,1.56,2.32,1.6,2.52,0.75,1.9,1.9,1.98,1.92,1.94,1.9,1.9,1.86,1.98,1.98
N1,04/10/2025,17:45,For Sittard,Volendam,1,0,H,1,0,H,16,8,3,1,14,13,7,4,1,2,0,0,1.85,3.9,3.8,1.83,3.75,4,1.78,3.9,4,1.85,3.75,3.8,1.85,3.9,3.9,1.85,3.9,3.9,1.83,3.9,3.8,1.87,3.86,3.86,1.85,3.9,4,1.83,3.83,3.87,1.89,3.95,4,1.67,2.15,1.7,2.19,1.67,2.25,1.63,2.18,1.71,2.26,-0.5,1.85,1.95,1.88,1.98,1.85,2,1.8,1.95,1.89,2.06,1.75,4,4.33,1.8,3.75,4.2,1.76,3.95,4,1.75,4,4.4,1.8,3.8,4.2,1.85,3.8,3.9,1.85,3.75,3.9,1.89,3.99,3.89,1.85,4,4.4,1.79,3.88,4.08,1.88,4,4.4,1.65,2.2,1.69,2.26,1.67,2.28,1.62,2.2,1.7,2.36,-0.75,1.95,1.85,2.17,1.76,2.05,1.85,1.96,1.79,2.11,1.85
N1,04/10/2025,19:00,Zwolle,PSV Eindhoven,0,4,A,0,2,A,4,19,0,9,7,8,4,8,0,3,1,0,7,5,1.4,7.5,5,1.4,7.5,5.3,1.34,7,5.25,1.36,6.5,5.25,1.41,6.5,5.25,1.4,6.5,5.25,1.4,6.71,5.32,1.39,7.5,5.4,1.41,6.95,5.18,1.38,7.4,5.5,1.43,1.4,2.88,1.38,2.95,1.41,3,1.39,2.83,1.43,3.1,1.5,1.75,2.05,1.78,2.05,1.87,2.05,1.79,1.97,1.81,2.05,6.5,5.5,1.4,6.5,5,1.44,6.1,5.3,1.4,7,5.25,1.4,5.75,5.25,1.46,5.75,5.25,1.44,5.75,5.25,1.44,6.37,5.48,1.43,7,5.5,1.46,6.13,5.23,1.42,7.2,5.6,1.45,1.3,3.5,1.32,3.54,1.34,3.5,1.31,3.26,1.36,3.75,1.25,1.95,1.85,1.99,1.91,1.98,1.85,1.95,1.79,2.07,1.9
N1,04/10/2025,20:00,Heerenveen,Excelsior,2,1,H,0,1,A,19,9,4,2,6,17,7,3,1,3,0,0,1.6,4.33,5,1.62,4.2,5,1.53,4.5,5.2,1.57,4.33,5,1.66,4.2,4.6,1.67,4.2,4.6,1.65,4.2,4.6,1.57,4.41,5.14,1.67,4.5,5.2,1.6,4.28,4.9,1.62,4.4,5.3,1.53,2.4,1.53,2.51,1.55,2.55,1.51,2.43,1.58,2.54,-1,1.98,1.83,2.01,1.86,2,1.91,1.93,1.84,2.01,1.87,1.67,4.1,4.5,1.67,4,5,1.63,4.1,4.7,1.7,4.1,4.6,1.66,4.1,4.75,1.67,4,4.8,1.65,4,4.6,1.66,4.26,4.98,1.7,4.1,5,1.66,4.04,4.65,1.73,4.4,5,1.57,2.35,1.6,2.44,1.6,2.4,1.56,2.32,1.62,2.52,-0.75,1.85,1.95,1.85,2.07,1.85,1.98,1.82,1.93,1.91,2.06
N1,05/10/2025,11:15,Twente,Heracles,2,1,H,0,1,A,21,7,9,2,5,8,4,3,0,2,1,0,1.33,5.5,8.5,1.33,5.5,8.5,1.29,5.6,8.5,1.3,5.5,8.5,1.35,5.5,7.75,1.35,5.5,7.5,1.35,5.5,7.5,1.32,5.64,8.3,1.35,5.66,8.5,1.32,5.5,8.13,1.32,5.7,9,1.44,2.7,1.45,2.75,1.45,2.8,1.42,2.69,1.52,2.88,-1.5,1.85,1.95,1.9,1.95,1.85,1.96,1.83,1.91,1.75,1.83,1.3,5.75,9,1.29,5.5,10,1.27,6,9,1.25,6,11,1.31,5.75,9,1.3,5.75,9,1.3,5.5,8.5,1.33,5.74,8.77,1.31,6,11,1.28,5.72,9.27,1.31,6.2,12,1.48,2.6,1.51,2.66,1.5,2.8,1.45,2.62,1.51,2.88,-1.5,1.78,2.03,1.94,1.96,1.85,2.05,1.77,1.98,1.88,2.11
N1,05/10/2025,13:30,Feyenoord,Utrecht,3,2,H,1,0,H,22,10,10,4,7,10,12,3,1,0,0,0,1.48,4.5,6,1.5,4.5,6.5,1.42,4.7,6.5,1.44,4.5,6.5,1.47,4.6,6.25,1.48,4.6,6,1.48,4.6,6,1.46,4.57,6.53,1.5,4.75,6.6,1.46,4.56,6.26,1.52,4.7,6.6,1.62,2.25,1.64,2.27,1.62,2.38,1.59,2.25,1.21,1.43,-1.25,2.03,1.78,2.05,1.81,2.03,1.86,1.95,1.79,1.97,1.67,1.42,4.75,6.5,1.44,4.6,7,1.44,4.5,6.5,1.44,4.8,7,1.49,4.6,6,1.48,4.6,6,1.48,4.6,6,1.5,4.62,6.51,1.49,4.8,7,1.44,4.62,6.47,1.47,4.9,8.2,1.57,2.35,1.66,2.31,1.6,2.38,1.57,2.31,1.61,2.56,-1.25,1.9,1.9,2.12,1.79,1.97,1.9,1.92,1.83,2.03,1.92
N1,05/10/2025,15:45,AZ Alkmaar,Telstar,2,1,H,2,0,H,27,14,10,5,7,13,6,4,3,2,0,0,1.3,6,8.5,1.29,6,9.5,1.25,6.1,9.5,1.25,6,9.5,1.29,6,9,1.28,6,9,1.28,6,9,1.29,6.29,7.75,1.3,6.1,9.5,1.27,5.94,9.08,1.33,6,9.8,1.36,3.1,1.37,3.04,1.4,3.1,1.37,2.93,1.32,3.2,-1.75,1.98,1.83,2.02,1.83,1.98,1.87,1.93,1.83,,,1.36,5.25,7.5,1.3,5.5,9,1.3,5.6,8,1.33,5.5,8.5,1.35,5.25,7.75,1.33,5.5,8,1.33,5.25,8,1.34,5.9,8.13,1.36,5.75,9,1.33,5.37,8.04,1.37,6,9.4,1.5,2.5,1.53,2.6,1.53,2.6,1.49,2.51,1.55,2.76,-1.5,1.98,1.83,1.98,1.93,1.98,1.94,1.9,1.85,2.04,1.9
N1,05/10/2025,19:00,Go Ahead Eagles,Nijmegen,1,1,D,0,1,A,8,17,3,7,13,18,11,4,1,4,0,1,2.55,4,2.5,2.5,3.75,2.63,2.45,3.9,2.48,2.45,3.9,2.45,2.4,4,2.55,2.4,4,2.6,2.37,3.9,2.5,2.56,3.88,2.49,2.55,4,2.63,2.44,3.86,2.51,2.68,4,2.52,1.44,2.7,1.42,2.86,1.44,2.8,1.41,2.74,1.44,2.94,0,1.93,1.88,1.95,1.89,1.93,1.95,1.86,1.85,,,2.55,4.1,2.45,2.5,3.75,2.6,2.5,3.9,2.4,2.55,4.1,2.45,2.5,3.9,2.45,2.5,3.9,2.45,2.5,3.9,2.45,2.6,4.01,2.51,2.55,4.1,2.6,2.5,3.89,2.46,2.68,4.1,2.56,1.36,3.1,1.4,3.04,1.4,3.1,1.36,2.96,1.41,3.3,0,1.95,1.85,1.99,1.92,1.95,1.91,1.89,1.84,2.04,1.95
N1,18/10/2025,15:30,Nijmegen,Twente,3,3,D,1,1,D,8,9,4,3,15,21,3,3,2,3,0,0,2.35,3.8,2.7,2.3,3.4,2.63,2.33,3.75,2.65,2.38,3.7,2.63,2.37,3.75,2.7,2.37,3.75,2.7,2.37,3.7,2.7,2.46,3.61,2.73,2.42,3.8,2.7,2.37,3.66,2.66,2.52,3.85,2.76,1.57,2.35,1.58,2.4,1.57,2.45,1.52,2.39,1.56,2.56,0,1.78,2.03,1.84,2.04,1.83,2.03,1.76,1.97,1.88,2.04,2.63,3.9,2.38,2.4,3.4,2.5,2.45,3.6,2.6,2.55,3.8,2.55,2.5,3.7,2.55,2.5,3.7,2.6,2.5,3.7,2.5,2.54,3.75,2.68,2.63,3.9,2.6,2.52,3.65,2.52,2.74,3.85,2.6,1.5,2.5,1.56,2.52,1.55,2.5,1.52,2.41,1.56,2.66,0,2,1.8,1.9,2,2,1.91,1.89,1.83,2.05,1.94
N1,18/10/2025,17:45,PSV Eindhoven,Go Ahead Eagles,2,1,H,1,0,H,24,4,8,2,7,8,6,1,1,1,0,0,1.27,7,8,1.2,6,9,1.22,7,9.5,1.22,6.5,10,1.24,7.25,9.25,1.25,7,9,1.25,7,9,1.26,7.49,7.32,1.28,7.5,10,1.24,6.66,8.92,1.27,8.2,9.8,1.22,4.2,1.22,4.26,1.23,4.3,1.21,4.02,1.25,4.4,-2,2.03,1.78,2.06,1.79,2.03,1.94,1.93,1.82,1.99,1.86,1.22,7.5,9.5,1.2,6,9,1.22,7,9,1.22,7,11,1.23,7.25,10,1.25,7,9.5,1.22,7,10,1.25,7.64,9.07,1.25,7.5,11,1.22,6.94,9.5,1.25,7.8,13,1.25,4,1.24,4.16,1.25,4.5,1.21,4.03,1.25,4.7,-2,1.9,1.9,1.99,1.9,1.93,1.9,1.88,1.87,1.92,2.03
N1,18/10/2025,17:45,Utrecht,Volendam,3,1,H,0,1,A,22,3,6,3,12,13,10,0,1,1,0,0,1.36,5.25,8,1.33,4.6,7.5,1.33,5.2,8,1.36,5,7.5,1.39,5,7.25,1.4,5,7,1.4,5,7,1.39,5.08,7.09,1.4,5.25,8.2,1.36,5.02,7.4,1.41,5,7.4,1.53,2.4,1.53,2.51,1.53,2.5,1.5,2.44,1.52,1.58,-1.5,2.05,1.75,2.11,1.76,2.05,1.85,1.97,1.77,1.95,1.74,1.4,5.25,7,1.29,5,8.5,1.33,5.25,8,1.36,5.25,8,1.38,5.25,7.5,1.35,5.25,8,1.33,5.25,8,1.37,5.5,8.04,1.4,5.66,8.5,1.34,5.25,7.89,1.36,5.8,9.8,1.48,2.6,1.53,2.6,1.5,2.63,1.46,2.56,1.53,2.78,-1.5,2.03,1.78,2.03,1.88,2.03,1.9,1.9,1.83,1.95,1.99
N1,18/10/2025,20:00,Ajax,AZ Alkmaar,0,2,A,0,2,A,17,13,6,3,13,19,5,4,4,2,0,0,2,3.9,3.4,1.95,3.5,3.3,1.9,3.85,3.5,2,3.75,3.3,2,3.8,3.4,2,3.8,3.4,2,3.75,3.4,2,3.74,3.52,2,3.9,3.5,1.97,3.76,3.39,2.06,3.65,3.55,1.57,2.35,1.61,2.34,1.6,2.4,1.55,2.32,1.6,2.4,-0.5,2,1.8,2.01,1.85,2,1.88,1.92,1.81,2.06,1.87,2.05,3.9,3.25,2,3.5,3.1,1.96,3.75,3.4,2.1,3.8,3.2,2.05,3.75,3.3,2.05,3.75,3.3,2.05,3.75,3.3,2.11,3.8,3.38,2.1,3.9,3.45,2.04,3.71,3.26,2.14,3.8,3.6,1.53,2.4,1.58,2.48,1.56,2.4,1.53,2.36,1.6,2.62,-0.5,2.05,1.75,2.11,1.8,2.05,1.83,1.99,1.76,2.14,1.85
N1,18/10/2025,20:00,NAC Breda,Zwolle,2,2,D,2,1,H,19,11,6,3,11,14,3,2,0,3,0,0,2.1,3.6,3.3,2.05,3.3,3.2,2.04,3.65,3.3,2.05,3.6,3.3,2.1,3.6,3.25,2.1,3.6,3.25,2.1,3.6,3.25,2.07,3.65,3.41,2.15,3.65,3.4,2.06,3.56,3.28,2.16,3.6,3.5,1.73,2.08,1.74,2.12,1.77,2.08,1.72,2.02,1.78,2.12,-0.25,1.8,2,1.81,2.06,1.8,2,1.77,1.97,1.87,2.06,1.7,3.9,4.5,1.7,3.6,4.2,1.75,3.8,4.2,1.73,4,4.5,1.75,3.8,4.5,1.8,3.75,4.33,1.75,3.75,4.33,1.92,3.68,4.12,1.8,4,4.5,1.74,3.78,4.38,1.82,4.1,4.7,1.67,2.15,1.83,2.05,1.73,2.15,1.68,2.08,1.78,2.26,-0.75,1.93,1.88,2.21,1.74,2,1.88,1.92,1.82,2.05,1.91
N1,19/10/2025,11:15,Telstar,Heerenveen,2,3,A,1,2,A,18,15,6,7,9,12,6,11,1,2,0,0,2.7,3.5,2.5,2.63,3.3,2.38,2.75,3.65,2.32,2.7,3.6,2.38,2.7,3.6,2.45,2.7,3.6,2.45,2.7,3.6,2.4,2.77,3.58,2.44,2.75,3.65,2.5,2.71,3.56,2.39,2.86,3.55,2.54,1.65,2.2,1.67,2.24,1.68,2.2,1.65,2.14,1.66,1.25,0,2.03,1.78,2.06,1.81,2.03,1.83,1.98,1.77,,,2.88,3.4,2.1,2.88,3.4,2.15,3,3.5,2.2,3,3.8,2.2,2.95,3.6,2.25,2.9,3.6,2.25,2.9,3.6,2.25,3.16,3.69,2.24,3.05,3.8,2.25,2.96,3.56,2.2,3.1,3.8,2.36,1.57,2.35,1.61,2.4,1.57,2.38,1.55,2.33,1.6,2.6,0.25,1.85,1.95,1.94,1.96,1.87,1.95,1.84,1.86,1.92,2.05
N1,19/10/2025,13:30,Excelsior,For Sittard,1,0,H,1,0,H,11,15,5,6,10,18,4,2,0,3,0,0,2.3,3.4,3.1,2.15,3.3,3,2.14,3.65,3.05,2.25,3.5,2.9,2.25,3.6,2.9,2.25,3.6,2.9,2.25,3.6,2.9,2.25,3.65,3.02,2.3,3.7,3.1,2.22,3.53,2.96,2.32,3.55,3.05,1.73,2.08,1.74,2.12,1.73,2.18,1.69,2.08,1.75,2.1,-0.25,1.98,1.83,1.97,1.88,1.98,1.91,1.9,1.84,,,2.05,3.4,3.7,2.05,3.3,3.2,2,3.55,3.45,2.1,3.6,3.4,2.1,3.5,3.3,2.05,3.6,3.4,2.05,3.5,3.4,2.05,3.69,3.62,2.1,3.6,3.7,2.06,3.49,3.39,2.16,3.7,3.65,1.8,2,1.81,2.08,1.8,2.12,1.74,2,1.88,2.08,-0.5,2.05,1.75,2.06,1.85,2.05,1.96,1.79,1.76,2.17,1.84
N1,19/10/2025,13:30,Groningen,Sparta Rotterdam,0,2,A,0,1,A,12,8,0,2,11,10,7,4,3,2,0,0,1.83,3.75,4.2,1.83,3.4,3.75,1.77,3.8,4.1,1.83,3.7,4,1.9,3.6,3.9,1.91,3.6,3.9,1.91,3.6,3.9,1.85,3.63,4.23,1.91,3.85,4.2,1.84,3.62,4,1.87,3.65,4.4,1.75,2.05,1.79,2.05,1.77,2.1,1.72,2.02,1.67,2.04,-0.5,1.83,1.98,1.85,2,1.85,2.02,1.79,1.94,,,1.73,3.9,4.75,1.73,3.6,4,1.7,3.75,4.6,1.75,3.9,4.5,1.77,3.75,4.4,1.8,3.75,4.4,1.75,3.75,4.33,1.75,3.96,4.68,1.8,3.9,4.75,1.74,3.77,4.41,1.82,3.95,4.9,1.7,2.1,1.73,2.19,1.7,2.12,1.68,2.08,1.79,2.22,-0.75,1.93,1.88,1.98,1.92,1.93,1.88,1.9,1.84,2.06,1.92
N1,19/10/2025,15:45,Heracles,Feyenoord,0,7,A,0,4,A,4,19,0,12,11,13,2,8,1,2,0,0,7,5.5,1.36,7,5,1.3,7,5.25,1.35,7.5,5.25,1.33,7,5.25,1.39,7,5.25,1.4,7,5.25,1.4,7.69,5.42,1.35,7.5,5.5,1.4,7.05,5.22,1.35,8.2,5.8,1.39,1.44,2.7,1.44,2.78,1.44,2.85,1.41,2.71,1.46,2.84,1.5,1.83,1.98,1.88,1.98,1.85,1.98,1.8,1.94,,,6.5,5.5,1.38,7.5,5,1.3,8,5.5,1.32,8.5,5.5,1.33,7.25,5.25,1.38,7,5.25,1.36,7,5.25,1.36,9.15,6.02,1.31,8.5,5.5,1.38,7.5,5.3,1.34,9,5.7,1.38,1.44,2.7,1.48,2.75,1.45,2.8,1.42,2.67,1.47,3,1.5,1.83,1.98,1.99,1.91,1.93,2,1.84,1.89,1.9,2.06
N1,24/10/2025,19:00,Heerenveen,NAC Breda,3,3,D,1,0,H,10,11,4,4,10,10,4,5,1,0,0,0,1.73,4.1,4.5,1.7,3.75,4,1.62,4,4.9,1.7,4,4.4,1.77,3.8,4.33,1.8,3.8,4.33,1.75,3.8,4.2,1.79,3.78,4.37,1.8,4.1,4.9,1.7,3.89,4.48,1.77,4,4.9,1.6,2.3,1.57,2.42,1.62,2.35,1.57,2.27,1.65,2.46,-0.75,1.9,1.9,2.02,1.85,1.9,2,1.82,1.93,1.96,1.96,1.53,4.33,6,1.5,4,5.5,1.6,4,5.2,1.53,4.5,5.75,1.58,4.33,5.25,1.61,4.2,5,1.57,4.2,5.25,1.79,3.78,4.37,1.61,4.5,6,1.56,4.2,5.41,1.61,4.5,6,1.53,2.4,1.57,2.42,1.55,2.45,1.53,2.39,1.59,2.62,-1,1.85,1.95,2.37,1.61,1.98,1.95,1.91,1.86,2.01,1.98
N1,25/10/2025,15:30,For Sittard,Groningen,1,2,A,0,1,A,9,16,3,10,14,9,7,7,3,1,0,0,2.88,3.25,2.55,2.75,3.1,2.4,2.8,3.35,2.4,2.75,3.3,2.5,2.8,3.3,2.5,2.8,3.3,2.5,2.75,3.3,2.5,2.87,3.19,2.58,2.88,3.35,2.57,2.78,3.24,2.49,3,3.05,2.62,2,1.8,2.09,1.76,2.05,1.8,1.97,1.76,1.34,1.25,0,2,1.8,2.04,1.83,2,1.83,1.95,1.77,2.07,1.83,2.9,3.2,2.55,2.8,3.1,2.38,3,3.15,2.38,2.9,3.4,2.45,2.95,3.3,2.4,2.9,3.3,2.4,2.9,3.25,2.4,2.87,3.19,2.58,3.05,3.4,2.55,2.93,3.2,2.42,3.15,3.25,2.56,2.08,1.73,2.09,1.76,2.08,1.8,2,1.73,2.18,1.82,0,2.03,1.78,2.04,1.83,2.1,1.78,2.03,1.72,2.21,1.79
N1,25/10/2025,17:45,Sparta Rotterdam,Telstar,1,0,H,1,0,H,14,14,6,3,9,14,6,7,3,2,0,0,1.9,4,3.8,1.8,3.75,3.6,1.78,3.9,3.95,1.83,3.9,3.7,1.83,4.1,3.75,1.83,4,3.75,1.83,4,3.75,1.82,3.98,3.95,1.9,4.1,3.95,1.83,3.91,3.78,1.9,4.2,3.9,1.5,2.5,1.55,2.46,1.55,2.5,1.5,2.44,1.55,2.64,-0.5,1.85,1.95,1.83,2.03,1.85,2,1.8,1.96,1.9,2.05,1.73,4.1,4.33,1.73,3.75,3.75,1.78,3.95,3.9,1.73,4.2,4.33,1.75,4.1,4.1,1.83,4,3.9,1.8,4,3.8,1.82,3.98,3.95,1.83,4.2,4.4,1.76,4,4.02,1.83,4.3,4.4,1.53,2.4,1.55,2.46,1.55,2.45,1.52,2.4,1.58,2.62,-0.75,1.88,1.93,2.05,1.8,2,1.93,1.93,1.83,2.06,1.91
N1,25/10/2025,19:00,Volendam,Heracles,3,0,H,1,0,H,13,11,7,2,6,13,5,5,0,3,0,1,2.15,3.9,3.1,2.1,3.4,3,2.04,3.9,3.1,2.1,3.7,3.13,2.15,3.8,3,2.15,3.8,3,2.15,3.75,3,2.12,3.91,3.09,2.15,3.9,3.2,2.11,3.74,3.07,2.18,3.8,3.25,1.65,2.2,1.58,2.4,1.65,2.3,1.61,2.22,1.67,2.02,-0.25,1.85,1.95,1.88,1.98,1.85,1.98,1.81,1.93,1.92,1.99,1.95,4,3.5,1.95,3.4,3.4,2,3.75,3.3,2,3.75,3.6,2.05,3.7,3.25,2.05,3.7,3.25,2.05,3.7,3.25,2.12,3.91,3.09,2.12,4,3.6,2.02,3.69,3.33,2.1,3.95,3.6,1.67,2.15,1.58,2.4,1.67,2.2,1.64,2.15,1.73,2.32,-0.25,1.7,2.1,1.88,1.98,1.83,2.1,1.73,2.02,1.83,2.17
N1,25/10/2025,20:00,Zwolle,Nijmegen,2,2,D,1,1,D,10,11,6,3,11,12,3,4,0,1,0,0,3.2,3.75,2.1,3,3.5,2.05,3.3,3.85,1.98,3.13,3.8,2.05,3.1,3.8,2.1,3.1,3.8,2.1,3.1,3.8,2.1,3.28,3.81,2.07,3.3,3.85,2.14,3.17,3.74,2.06,3.4,3.75,2.1,1.53,2.4,1.53,2.52,1.55,2.6,1.5,2.44,1.56,1.56,0.25,1.98,1.83,2.04,1.82,2.05,1.83,1.98,1.74,2.08,1.83,4,3.8,1.85,3.75,3.6,1.8,3.8,3.8,1.83,4,3.9,1.83,3.9,3.8,1.85,3.9,3.8,1.85,3.8,3.8,1.85,3.28,3.81,2.07,4,3.9,1.91,3.83,3.78,1.84,4.1,4.1,1.91,1.6,2.3,1.53,2.52,1.62,2.48,1.56,2.3,1.65,2.52,0.5,2,1.8,1.79,2.07,2,1.91,1.92,1.81,2.06,1.91
N1,26/10/2025,11:15,Twente,Ajax,2,3,A,1,0,H,21,9,5,6,14,13,6,1,0,2,0,0,2.35,3.5,3,2.25,3.4,2.75,2.28,3.55,2.88,2.25,3.6,2.88,2.37,3.7,2.75,2.37,3.7,2.75,2.37,3.7,2.7,2.36,3.55,2.91,2.37,3.7,3,2.29,3.54,2.86,2.34,3.6,2.98,1.65,2.2,1.64,2.27,1.65,2.33,1.59,2.24,1.64,2.34,-0.25,2,1.8,2.06,1.81,2,1.81,1.95,1.79,2.03,1.89,2.35,3.5,2.9,2.38,3.3,2.63,2.32,3.4,2.9,2.38,3.7,2.8,2.37,3.5,2.8,2.37,3.5,2.8,2.37,3.5,2.8,2.36,3.55,2.91,2.45,3.7,2.9,2.37,3.48,2.79,2.5,3.75,2.96,1.62,2.25,1.64,2.27,1.65,2.25,1.62,2.18,1.72,2.34,0,1.68,2.15,1.74,2.15,1.83,2.15,1.72,2.02,1.83,2.17
N1,26/10/2025,13:30,Feyenoord,PSV Eindhoven,2,3,A,0,1,A,12,11,6,6,7,13,3,5,0,1,0,0,2.45,3.8,2.6,2.38,3.5,2.5,2.38,3.75,2.63,2.4,3.9,2.5,2.4,3.9,2.6,2.4,3.9,2.6,2.4,3.9,2.6,2.41,3.93,2.63,2.45,4,2.63,2.4,3.82,2.57,2.44,4.1,2.68,1.44,2.7,1.44,2.77,1.45,2.8,1.4,2.75,1.44,2.96,0,1.85,1.95,1.85,2.01,1.85,1.95,1.81,1.91,,,2.3,3.8,2.8,2.3,3.6,2.5,2.28,3.9,2.7,2.3,4,2.75,2.3,3.9,2.7,2.3,3.9,2.7,2.3,3.9,2.7,2.41,3.93,2.63,2.38,4,2.8,2.32,3.81,2.69,2.46,4,2.84,1.4,2.88,1.44,2.77,1.42,2.88,1.4,2.79,1.46,3.05,-0.25,2,1.8,2.12,1.75,2.02,1.8,1.99,1.76,2.16,1.85
N1,26/10/2025,15:45,AZ Alkmaar,Utrecht,4,1,H,2,0,H,18,8,7,2,4,14,8,2,0,1,0,0,1.6,4.33,5,1.57,4,4.6,1.56,4.4,4.9,1.57,4.2,5,1.61,4.33,4.8,1.61,4.33,4.8,1.61,4.33,4.8,1.61,4.32,4.92,1.62,4.5,5.1,1.59,4.26,4.84,1.64,4.3,5,1.57,2.35,1.61,2.34,1.57,2.48,1.54,2.34,1.01,1.25,-1,2.03,1.78,2.03,1.83,2.03,1.87,1.95,1.81,,,1.53,4.5,5.5,1.44,4.2,5.5,1.49,4.35,5.8,1.5,4.6,6,1.55,4.5,5.25,1.55,4.5,5.25,1.55,4.5,5.25,1.61,4.32,4.92,1.55,4.6,6,1.51,4.43,5.57,1.58,4.7,6.2,1.5,2.5,1.61,2.34,1.52,2.5,1.5,2.44,1.55,2.7,-1,1.83,1.98,2.03,1.83,1.85,2,1.79,1.96,1.9,2.05
N1,26/10/2025,19:00,Go Ahead Eagles,Excelsior,2,0,H,0,0,D,12,11,4,2,7,12,4,10,1,2,0,0,1.8,4.2,3.9,1.73,3.75,3.75,1.68,4.2,4.25,1.75,4,4,1.77,4.33,3.9,1.75,4.33,3.9,1.75,4.2,3.9,1.73,4.2,4.2,1.82,4.33,4.25,1.75,4.08,3.94,1.79,4.1,4.2,1.5,2.5,1.51,2.58,1.5,2.55,1.49,2.48,1.01,1.25,-0.5,1.78,2.03,1.73,2.15,1.83,2.15,1.73,2.03,,,2.15,3.9,3.1,2,3.5,3.1,2,3.75,3.3,2.1,3.8,3.2,2.05,3.8,3.3,2.05,3.8,3.3,2,3.75,3.25,1.73,4.2,4.2,2.15,3.9,3.4,2.06,3.71,3.21,2.16,3.85,3.5,1.57,2.35,1.51,2.58,1.57,2.43,1.54,2.35,1.65,2.5,-0.25,1.85,1.95,1.53,2.53,1.85,2.04,1.79,1.96,1.87,2.13
N1,31/10/2025,19:00,PSV Eindhoven,For Sittard,5,2,H,3,0,H,21,10,6,4,8,12,7,4,0,4,0,0,1.14,8,13,1.13,7,13,1.12,8.5,15,1.13,8.5,15,1.16,8.5,14.5,1.17,8.5,15,1.17,8.5,15,,,,1.17,9,16,1.15,8.11,14.13,1.17,10,18.5,1.29,3.6,,,1.29,3.75,1.26,3.53,1.31,4,-2.25,1.85,1.95,,,1.87,1.96,1.84,1.9,1.93,2.05,1.13,9,15,1.11,8,13,1.11,9.5,15,1.11,10,20,1.14,9.25,16,1.14,9.5,15,1.14,9,15,,,,1.15,10,20,1.13,8.97,15.25,1.13,12,25,1.22,4.2,,,1.23,4.5,1.21,4.05,1.24,4.8,-2.5,1.95,1.85,,,1.95,1.89,1.91,1.82,2,1.95
N1,01/11/2025,15:30,Ajax,Heerenveen,1,1,D,1,0,H,9,17,2,7,6,16,5,4,0,2,0,0,1.57,4.5,5,1.5,4.2,5,1.48,4.7,5.6,1.53,4.4,5.25,1.55,4.75,5,1.55,4.6,5,1.53,4.6,5,,,,1.57,4.75,5.6,1.53,4.52,5.12,1.58,4.9,5.4,1.44,2.7,,,1.44,2.75,1.42,2.68,1.47,2.92,-1,1.88,1.93,,,1.9,2.05,1.82,1.94,1.89,2.01,1.53,4.5,5.5,1.5,4.2,5,1.48,4.7,5.5,1.53,4.6,5.5,1.55,4.6,5.25,1.55,4.6,5.25,1.53,4.6,5.25,,,,1.55,4.75,5.5,1.52,4.55,5.3,1.56,4.5,7,1.48,2.6,,,1.48,2.75,1.43,2.67,1.5,2.92,-1,1.83,1.98,,,1.85,2.04,1.79,1.97,1.93,2.06
N1,01/11/2025,17:45,NAC Breda,Go Ahead Eagles,1,0,H,0,0,D,8,7,2,2,10,8,2,2,4,2,0,0,2.35,3.6,2.8,2.25,3.4,2.75,2.3,3.75,2.7,2.3,3.6,2.8,2.35,3.6,2.8,2.37,3.6,2.8,2.37,3.6,2.8,,,,2.37,3.75,2.9,2.32,3.59,2.78,2.42,3.6,3,1.65,2.2,,,1.65,2.33,1.6,2.22,1.69,2.3,-0.25,2,1.8,,,2.02,1.8,1.98,1.76,2.1,1.84,2.2,3.7,3.1,2.15,3.4,2.88,2.1,3.65,3.1,2.2,3.75,3,2.25,3.6,3,2.25,3.6,3,2.25,3.6,3,,,,2.26,3.75,3.1,2.19,3.58,3.03,2.28,3.8,3.25,1.65,2.2,,,1.65,2.3,1.61,2.21,1.66,2.42,-0.25,1.9,1.9,,,1.9,1.94,1.86,1.88,1.98,1.98
N1,01/11/2025,19:00,Feyenoord,Volendam,3,1,H,2,0,H,37,9,9,1,4,8,10,1,0,0,0,0,1.11,9,21,1.09,8,15,1.09,10,20,1.08,10,21,1.11,11,19,1.11,11,19,1.11,10,19,,,,1.11,11,21,1.1,9.64,18.63,1.14,11,21,1.25,4,,,1.25,4.2,1.23,3.87,1.26,4.2,-2.75,2.05,1.75,,,2.05,1.85,1.98,1.77,2.05,1.78,1.11,9,21,1.09,8,15,1.11,9.5,16,1.1,10.5,22,1.13,9.5,19.5,1.12,9.5,19,1.12,9.5,19,,,,1.13,10.5,22,1.11,9.32,18.34,1.13,12,27,1.22,4.2,,,1.25,4.2,1.23,3.87,1.27,4.4,-2.5,1.85,1.95,,,1.9,1.95,1.84,1.89,1.94,2.01
N1,01/11/2025,20:00,Telstar,Excelsior,2,2,D,2,1,H,17,21,8,8,8,15,3,5,0,2,0,0,2.25,3.6,2.9,2.15,3.4,2.88,2.12,3.7,3.1,2.2,3.6,3,2.2,3.7,3,2.2,3.7,3,2.2,3.6,3,,,,2.28,3.7,3.1,2.21,3.58,2.98,2.26,3.75,2.98,1.67,2.15,,,1.67,2.35,1.61,2.2,1.59,1.67,-0.25,1.95,1.85,,,1.95,1.93,1.88,1.86,1.96,1.88,2.1,3.6,3.2,2.1,3.4,3,2.05,3.45,3.45,2.15,3.7,3.2,2.1,3.6,3.3,2.1,3.6,3.3,2.1,3.5,3.25,,,,2.15,3.7,3.45,2.11,3.5,3.26,2.24,3.65,3.45,1.67,2.15,,,1.7,2.2,1.65,2.12,1.78,2.2,-0.25,1.83,1.98,,,1.83,2.02,1.79,1.95,1.95,2.02
N1,02/11/2025,11:15,Heracles,Zwolle,8,2,H,4,1,H,23,7,11,4,16,11,4,2,0,3,0,1,2.4,3.5,2.8,2.38,3.25,2.63,2.3,3.45,2.85,,,,2.4,3.5,2.8,2.4,3.5,2.8,2.4,3.4,2.8,,,,2.48,3.5,2.9,2.38,3.38,2.82,2.5,3.4,2.84,1.75,2.05,,,1.8,2.05,1.74,2,1.79,2.12,-0.25,2.05,1.75,,,2.05,1.79,2,1.76,,,2.55,3.6,2.55,2.4,3.3,2.6,2.45,3.45,2.7,2.55,3.75,2.55,2.55,3.5,2.6,2.6,3.5,2.62,2.6,3.4,2.6,,,,2.6,3.75,2.75,2.52,3.47,2.62,2.74,3.6,2.76,1.65,2.2,,,1.65,2.3,1.62,2.19,1.71,2.38,0,1.93,1.88,,,1.93,1.95,1.85,1.86,1.98,2
N1,02/11/2025,13:30,Groningen,Twente,1,1,D,0,0,D,18,10,7,4,7,12,7,3,2,4,0,0,2.75,3.5,2.45,2.75,3.1,2.38,2.75,3.4,2.43,,,,2.8,3.4,2.4,2.8,3.5,2.4,2.8,3.4,2.4,,,,2.8,3.5,2.5,2.76,3.35,2.42,3.05,3.4,2.48,1.85,1.95,,,1.9,2,1.81,1.91,1.89,1.25,0,2.03,1.78,,,2.03,1.83,1.98,1.78,,,3,3.4,2.38,2.8,3.25,2.25,3,3.4,2.28,2.9,3.5,2.38,2.95,3.4,2.35,2.9,3.4,2.37,2.9,3.4,2.3,,,,3,3.5,2.38,2.93,3.38,2.32,3.15,3.55,2.44,1.75,2.05,,,1.8,2.05,1.76,1.98,1.84,2.16,0.25,1.78,2.03,,,1.83,2.03,1.79,1.91,1.88,2.1
N1,02/11/2025,13:30,Sparta Rotterdam,AZ Alkmaar,0,1,A,0,0,D,10,20,3,14,7,12,6,9,1,1,0,0,4.1,4.1,1.75,3.75,3.75,1.73,4,4.1,1.73,,,,3.9,4,1.82,3.9,4,1.8,3.9,3.9,1.8,,,,4.2,4.2,1.82,3.94,4.02,1.75,4.2,4,1.82,1.53,2.4,,,1.53,2.5,1.5,2.43,1.55,2.56,0.75,1.85,1.95,,,1.86,1.95,1.84,1.93,,,4.1,4.2,1.73,4.2,3.75,1.67,4.1,4.25,1.68,4.33,4.2,1.73,4.2,4.1,1.73,4.2,4,1.75,4.2,4,1.73,,,,4.65,4.25,1.75,4.24,4.08,1.7,4.7,4.3,1.79,1.48,2.6,,,1.5,2.63,1.47,2.54,1.53,2.8,0.75,1.9,1.9,,,1.92,1.9,1.88,1.86,2,1.98
N1,02/11/2025,15:45,Utrecht,Nijmegen,1,0,H,1,0,H,11,16,4,5,11,15,2,2,1,2,0,0,2.15,3.6,3.25,2.05,3.5,3,2.04,3.5,3.35,,,,2.15,3.7,3.1,2.15,3.7,3.1,2.1,3.7,3.1,,,,2.15,3.7,3.4,2.1,3.52,3.21,2.12,3.65,3.4,1.65,2.2,,,1.65,2.3,1.59,2.23,1.63,1.25,-0.25,1.85,1.95,,,1.85,2,1.8,1.96,,,2.2,3.5,3.2,2.15,3.4,2.88,2.1,3.5,3.25,2.2,3.75,3,2.2,3.6,3.1,2.2,3.6,3.1,2.2,3.5,3.1,,,,2.2,3.75,3.25,2.18,3.52,3.09,2.28,3.7,3.35,1.62,2.25,,,1.62,2.4,1.58,2.27,1.66,2.44,-0.25,1.9,1.9,,,1.9,1.96,1.85,1.89,1.97,2
N1,07/11/2025,19:00,Twente,Telstar,0,0,D,0,0,D,27,6,7,0,13,4,10,2,4,2,1,1,1.33,5.5,8,1.29,4.6,8.5,1.3,5.6,8,1.3,5.25,9,1.35,5.25,8,1.35,5.25,8,1.35,5.25,8,,,,1.35,5.6,9,1.32,5.32,8.11,1.36,6,9.4,1.53,2.4,,,1.55,2.6,1.51,2.43,1.59,2.62,-1.5,1.93,1.88,,,1.93,1.91,1.89,1.84,2.03,1.92,1.33,5.5,8,1.29,5,8,1.29,5.6,8.5,1.3,5.75,9.5,1.35,5.5,8,1.35,5.5,8,1.35,5.25,8,,,,1.35,5.75,9.5,1.32,5.41,8.22,1.36,5.8,9.8,1.5,2.5,,,1.5,2.6,1.48,2.5,1.54,2.78,-1.5,1.93,1.88,,,1.93,1.91,1.87,1.86,2.01,1.95
N1,08/11/2025,15:30,Excelsior,Heracles,1,2,A,1,0,H,12,10,5,5,14,13,6,13,1,2,0,0,1.91,4.1,3.5,1.9,3.5,3.5,1.94,3.75,3.45,1.9,3.75,3.6,1.95,3.9,3.5,1.95,3.9,3.5,1.95,3.8,3.5,,,,1.96,4.1,3.7,1.92,3.81,3.52,1.98,3.9,3.9,1.65,2.2,,,1.66,2.2,1.62,2.18,1.67,2.32,-0.5,1.9,1.9,,,1.96,1.9,1.88,1.84,1.98,1.96,1.85,4,3.75,1.83,3.6,3.6,1.88,3.8,3.6,1.85,4,3.9,1.88,3.9,3.75,1.91,3.9,3.75,1.85,3.8,3.7,,,,1.91,4,3.9,1.86,3.84,3.72,1.96,4,4,1.53,2.4,,,1.57,2.4,1.54,2.35,1.61,2.58,-0.5,1.8,2,,,1.94,2,1.83,1.89,1.96,2.02
N1,08/11/2025,17:45,Volendam,NAC Breda,2,1,H,0,1,A,12,12,5,2,13,9,8,6,2,2,0,2,2.63,3.8,2.45,2.5,3.4,2.4,2.48,3.8,2.48,2.6,3.6,2.45,2.55,3.7,2.5,2.6,3.7,2.5,2.5,3.7,2.5,,,,2.66,3.8,2.5,2.57,3.63,2.46,2.76,3.8,2.58,1.65,2.2,,,1.65,2.25,1.61,2.19,1.68,2.32,0,2,1.8,,,2,1.85,1.91,1.81,2.06,1.9,2.8,3.7,2.3,2.63,3.3,2.38,2.65,3.55,2.45,2.7,3.7,2.45,2.75,3.6,2.4,2.75,3.6,2.4,2.75,3.6,2.37,,,,2.8,3.7,2.45,2.72,3.55,2.39,3,3.7,2.5,1.62,2.25,,,1.66,2.25,1.63,2.17,1.74,2.28,0.25,1.8,2,,,1.8,2.14,1.71,2,1.84,2.16
N1,08/11/2025,19:00,For Sittard,Heerenveen,2,0,H,0,0,D,10,18,5,8,14,12,4,5,2,1,0,0,3,3.7,2.2,2.88,3.4,2.15,3,3.6,2.18,2.88,3.6,2.25,2.9,3.7,2.25,2.9,3.7,2.25,2.87,3.7,2.25,,,,3,3.7,2.26,2.93,3.61,2.22,3.15,3.55,2.32,1.67,2.15,,,1.67,2.25,1.63,2.17,1.67,2.28,0.25,1.85,1.95,,,1.87,1.95,1.83,1.86,1.89,2.03,3.1,3.5,2.25,2.88,3.3,2.2,2.95,3.55,2.25,3,3.7,2.25,2.9,3.6,2.3,2.9,3.6,2.3,2.9,3.5,2.3,,,,3.1,3.7,2.3,2.96,3.52,2.25,3.15,3.6,2.4,1.67,2.15,,,1.67,2.2,1.66,2.12,1.75,2.28,0.25,1.85,1.95,,,1.85,1.97,1.82,1.87,1.9,2.08
N1,08/11/2025,20:00,Zwolle,Sparta Rotterdam,1,0,H,1,0,H,11,14,3,1,9,15,3,6,2,4,0,1,2.5,3.6,2.63,2.4,3.3,2.6,2.55,3.4,2.6,2.45,3.6,2.6,2.45,3.6,2.6,2.5,3.6,2.62,2.45,3.6,2.6,,,,2.6,3.6,2.66,2.49,3.49,2.61,2.64,3.65,2.8,1.65,2.2,,,1.68,2.25,1.63,2.16,1.69,2.3,0,1.85,1.95,,,1.85,1.95,1.82,1.9,1.92,2.03,2.55,3.6,2.6,2.6,3.3,2.4,2.65,3.45,2.48,2.6,3.7,2.55,2.65,3.6,2.45,2.7,3.6,2.45,2.62,3.6,2.45,,,,2.74,3.7,2.6,2.63,3.53,2.48,2.92,3.75,2.52,1.62,2.25,,,1.63,2.25,1.61,2.2,1.69,2.38,0,1.9,1.9,,,2,1.9,1.89,1.83,2.15,1.85
N1,09/11/2025,11:15,Utrecht,Ajax,2,1,H,1,0,H,16,10,6,4,15,10,6,4,1,0,0,0,2.7,3.7,2.45,2.63,3.4,2.3,2.7,3.45,2.43,2.7,3.6,2.38,2.7,3.6,2.4,2.7,3.6,2.45,2.7,3.6,2.4,,,,2.75,3.7,2.45,2.7,3.54,2.4,2.8,3.9,2.54,1.62,2.25,,,1.62,2.25,1.6,2.23,1.63,2.4,0,2.03,1.78,,,2.03,1.83,1.97,1.76,2.09,1.89,2.8,3.6,2.38,2.63,3.3,2.38,2.7,3.45,2.45,2.8,3.7,2.38,2.8,3.5,2.4,2.8,3.5,2.4,2.75,3.5,2.4,,,,2.8,3.7,2.48,2.74,3.48,2.41,2.9,3.75,2.52,1.67,2.15,,,1.67,2.2,1.64,2.15,1.75,2.3,0,2.08,1.73,,,2.08,1.83,2,1.74,2.12,1.86
N1,09/11/2025,13:30,Nijmegen,Groningen,2,0,H,0,0,D,13,10,5,4,6,13,9,3,1,1,0,0,1.95,3.8,3.6,1.9,3.5,3.5,2,3.65,3.4,1.93,3.7,3.6,1.93,3.8,3.6,1.95,3.8,3.6,1.91,3.8,3.5,,,,2,3.8,3.8,1.94,3.65,3.57,2.02,3.55,3.75,1.67,2.15,,,1.71,2.2,1.66,2.12,1.74,2.16,-0.5,1.95,1.85,,,2,1.91,1.9,1.82,2.02,1.87,2,3.9,3.4,1.95,3.5,3.3,1.93,3.65,3.6,2,3.8,3.5,2,3.6,3.5,2,3.6,3.5,2,3.6,3.5,,,,2.05,3.9,3.65,1.98,3.62,3.49,2.12,3.65,3.7,1.62,2.25,,,1.68,2.25,1.64,2.16,1.72,2.32,-0.5,2,1.8,,,2,1.86,1.94,1.79,2.12,1.87
N1,09/11/2025,15:45,AZ Alkmaar,PSV Eindhoven,1,5,A,1,3,A,8,15,3,6,9,10,4,6,2,1,0,0,3,4,2.1,3,3.6,2.05,3.15,4,1.98,3,3.9,2.1,2.95,4,2.15,3,4,2.15,2.9,3.9,2.15,,,,3.15,4,2.15,2.99,3.93,2.08,3.05,4.2,2.18,1.4,2.88,,,1.4,2.95,1.38,2.83,1.42,3,0.25,1.95,1.85,,,2.02,1.85,1.94,1.76,,,3.4,4.33,1.85,3.2,4,1.83,3.3,4,1.95,3.3,4.2,1.95,3.4,4.1,1.9,3.4,4.2,1.91,3.4,4.2,1.91,,,,3.6,4.35,1.95,3.38,4.11,1.89,3.65,4.2,1.98,1.33,3.4,,,1.35,3.4,1.32,3.16,1.35,3.65,0.5,1.95,1.85,,,1.95,1.97,1.86,1.87,2,1.98
N1,09/11/2025,19:00,Go Ahead Eagles,Feyenoord,2,1,H,1,0,H,9,20,5,6,7,10,4,7,2,1,0,0,5.25,4.75,1.53,5.5,4.2,1.44,5.5,4.75,1.48,5.5,4.5,1.5,5,4.6,1.55,5,4.6,1.57,5,4.6,1.55,,,,5.5,4.75,1.57,5.34,4.55,1.51,5.8,5,1.54,1.48,2.6,,,1.48,2.8,1.45,2.6,1.48,2.74,1,1.98,1.83,,,2.04,1.85,1.97,1.78,,,6.25,5.25,1.42,6.5,4.6,1.36,6.4,4.75,1.42,6.5,5,1.44,6.25,5,1.44,6,5,1.44,6,5,1.44,,,,6.5,5.25,1.44,6.27,4.94,1.42,7.4,5.2,1.48,1.4,2.88,,,1.41,2.9,1.4,2.78,1.46,3.05,1.25,1.98,1.83,,,1.98,1.89,1.89,1.85,1.97,1.96
N1,22/11/2025,15:30,NAC Breda,PSV Eindhoven,0,1,A,0,1,A,16,9,3,4,11,15,6,5,2,1,0,0,7,5.75,1.33,8,5,1.29,8.5,5.6,1.29,8,5.75,1.3,8,5.75,1.33,8,5.75,1.33,8,5.5,1.33,7.06,5.95,1.34,8.5,5.8,1.33,7.88,5.63,1.31,7.4,6.2,1.37,1.36,3.1,1.36,3.16,1.36,3.15,1.34,3.06,1.39,3.5,1.5,1.95,1.85,1.97,1.9,1.98,1.85,1.92,1.81,1.96,1.82,8.5,6.5,1.29,8,5.5,1.25,8.5,5.8,1.28,10,6.5,1.25,8.25,6,1.31,8,6,1.3,8,6,1.3,8.32,6.61,1.29,10,6.5,1.31,8.41,5.98,1.28,10,6.6,1.32,1.3,3.5,1.33,3.42,1.33,3.5,1.3,3.29,1.35,3.7,1.75,1.9,1.9,1.92,1.97,1.9,1.94,1.84,1.9,1.95,1.97
N1,22/11/2025,17:45,Ajax,Excelsior,1,2,A,0,1,A,15,8,5,4,4,13,9,2,2,1,0,0,1.38,5.5,7,1.3,5,7,1.33,5.3,8,1.33,5.25,7.5,1.36,5.5,7.25,1.36,5.5,7.5,1.36,5.5,7,1.35,5.55,7.4,1.38,5.5,8,1.35,5.26,7.33,1.38,6.2,8.2,1.44,2.7,1.43,2.8,1.44,2.9,1.4,2.76,1.38,2.88,-1.5,1.98,1.83,2.01,1.87,1.98,1.91,1.9,1.83,1.96,1.87,1.3,6.25,8,1.29,5,8,1.3,5.6,8,1.29,6,9.5,1.32,6,8,1.33,6,8,1.3,5.75,8,1.31,5.99,8.58,1.33,6.25,9.5,1.3,5.78,8.18,1.34,6.2,10.5,1.33,3.4,1.36,3.22,1.35,3.4,1.32,3.16,1.38,3.5,-1.5,1.75,2.05,1.85,2.04,1.85,2.05,1.78,1.96,1.86,2.1
N1,22/11/2025,17:45,Volendam,Twente,1,1,D,0,0,D,11,18,4,6,5,11,4,4,0,3,0,0,4.75,4.2,1.67,4.33,4,1.62,4.7,4.1,1.64,4.6,4.2,1.62,4.6,4.2,1.66,4.6,4.2,1.67,4.6,4.2,1.65,4.76,4.23,1.65,4.75,4.2,1.67,4.59,4.13,1.64,5,4.3,1.66,1.53,2.4,1.54,2.53,1.53,2.55,1.5,2.44,1.53,2.28,0.75,2,1.8,2.05,1.83,2,1.82,1.95,1.79,2.05,1.82,4.5,4,1.73,4.33,3.75,1.67,4.75,3.95,1.65,4.6,4.1,1.7,4.8,4.1,1.66,4.8,4,1.67,4.8,4,1.65,4.8,3.98,1.74,4.8,4.1,1.73,4.63,3.93,1.68,5.2,4.1,1.77,1.62,2.25,1.65,2.32,1.62,2.32,1.58,2.24,1.66,2.44,0.75,1.88,1.93,1.96,1.94,1.96,1.93,1.9,1.85,2.01,1.96
N1,22/11/2025,20:00,Heracles,Go Ahead Eagles,4,2,H,1,2,A,22,7,12,4,6,15,6,3,1,3,0,1,2.7,3.6,2.5,2.5,3.4,2.4,2.55,3.75,2.45,2.6,3.7,2.4,2.55,3.7,2.5,2.6,3.7,2.5,2.5,3.7,2.5,2.69,3.64,2.48,2.7,3.75,2.5,2.59,3.63,2.44,2.8,3.55,2.56,1.57,2.35,1.58,2.42,1.57,2.4,1.55,2.34,1.62,2.4,0,1.98,1.83,2.02,1.85,1.98,1.85,1.93,1.79,2.02,1.86,2.55,3.7,2.55,2.5,3.3,2.5,2.48,3.45,2.6,2.55,3.7,2.55,2.5,3.5,2.65,2.5,3.5,2.7,2.5,3.5,2.62,2.63,3.54,2.7,2.6,3.7,2.7,2.51,3.51,2.6,2.66,3.65,2.8,1.65,2.2,1.68,2.27,1.65,2.32,1.6,2.23,1.69,2.38,0,1.9,1.9,1.93,1.98,1.91,1.91,1.85,1.87,1.93,2.04
N1,22/11/2025,20:00,Sparta Rotterdam,For Sittard,1,1,D,1,0,H,13,12,4,7,9,11,7,5,1,1,0,0,1.85,3.75,3.9,1.83,3.5,3.6,1.8,3.7,4.1,1.87,3.7,3.8,1.9,3.75,3.75,1.91,3.75,3.75,1.91,3.75,3.7,1.9,3.71,3.88,1.91,3.75,4.2,1.86,3.67,3.84,1.95,3.65,4.1,1.67,2.15,1.7,2.2,1.7,2.2,1.67,2.1,1.72,2,-0.5,1.85,1.95,1.92,1.95,1.85,1.98,1.82,1.91,1.94,2.01,1.91,3.6,3.9,1.83,3.4,3.75,1.88,3.55,3.9,1.85,3.7,4.2,1.9,3.6,4,1.91,3.6,4,1.91,3.5,3.9,1.92,3.59,4.25,1.91,3.7,4.2,1.88,3.53,3.97,1.94,3.7,4.5,1.85,1.95,1.87,2.02,1.85,1.98,1.8,1.93,1.88,2.08,-0.5,1.9,1.9,1.93,1.98,1.9,1.95,1.84,1.88,1.94,2.04
N1,23/11/2025,11:15,Heerenveen,AZ Alkmaar,3,1,H,2,0,H,21,9,9,5,9,4,8,5,1,0,0,0,2.88,4,2.2,2.8,3.5,2.15,3.05,3.75,2.1,2.9,3.8,2.15,2.9,3.8,2.25,2.9,3.8,2.25,2.87,3.75,2.2,2.89,3.92,2.23,3.05,4,2.25,2.9,3.76,2.18,3,3.9,2.26,1.5,2.5,1.52,2.54,1.53,2.5,1.5,2.44,1.44,2.62,0.25,1.85,1.95,1.88,1.97,1.94,1.95,1.87,1.83,,,2.55,3.9,2.45,2.5,3.5,2.38,2.55,3.8,2.4,2.63,3.8,2.45,2.65,3.8,2.37,2.7,3.8,2.37,2.62,3.75,2.37,2.64,3.85,2.53,2.7,3.9,2.5,2.58,3.73,2.43,2.7,3.95,2.62,1.5,2.5,1.56,2.54,1.5,2.63,1.48,2.49,1.56,2.68,0,1.98,1.83,2,1.91,1.98,1.85,1.92,1.8,2.01,1.95
N1,23/11/2025,13:30,Feyenoord,Nijmegen,2,4,A,1,1,D,19,22,5,12,8,13,7,6,1,0,0,0,1.4,5,7,1.33,5,6.5,1.34,5.5,7,1.4,5,6.5,1.42,5.25,6.25,1.4,5.25,6.5,1.4,5.25,6,1.41,5.11,6.53,1.42,5.5,7.5,1.38,5.14,6.57,1.42,5.4,7.2,1.36,3.1,1.39,3,1.38,3.25,1.34,3.04,1.01,1.25,-1.5,2.05,1.75,2.11,1.75,2.05,1.89,1.96,1.77,,,1.45,4.75,6.25,1.4,4.6,6,1.4,4.9,6.75,1.4,5.25,6.5,1.44,5,6,1.44,5,6,1.44,5,5.75,1.44,5.14,6.69,1.45,5.25,6.75,1.42,4.92,6.31,1.47,5.3,7.4,1.36,3.1,1.38,3.15,1.37,3.1,1.35,2.98,1.39,3.45,-1.25,1.88,1.93,1.95,1.95,1.88,1.98,1.81,1.93,2.01,1.98
N1,23/11/2025,13:30,Telstar,Utrecht,1,1,D,0,0,D,11,17,3,3,10,10,1,8,2,2,0,0,3.25,3.75,2.1,3.1,3.3,2.1,3.3,3.6,2.04,3.2,3.6,2.1,3.2,3.6,2.15,3.2,3.6,2.15,3.1,3.6,2.15,3.19,3.77,2.12,3.3,3.75,2.15,3.18,3.56,2.11,3.35,3.75,2.08,1.7,2.1,1.71,2.17,1.71,2.1,1.69,2.07,1.72,2.14,0.25,1.98,1.83,1.99,1.86,2,1.83,1.95,1.75,,,3.7,3.75,1.95,3.4,3.4,1.95,3.6,3.75,1.9,3.7,3.7,2,3.5,3.6,2,3.5,3.6,2,3.5,3.6,2,3.74,3.82,1.98,3.7,3.75,2,3.57,3.64,1.96,3.75,3.9,2.04,1.75,2.05,1.79,2.11,1.8,2.12,1.72,2.02,1.8,2.18,0.5,1.88,1.93,1.92,1.99,1.88,2.02,1.8,1.94,1.92,2.04
N1,23/11/2025,15:45,Groningen,Zwolle,2,2,D,1,1,D,39,5,13,3,11,9,13,0,1,3,0,1,1.55,4,6,1.5,4,5.5,1.5,4.25,5.8,1.55,4.1,5.5,1.57,4.1,5.5,1.57,4.2,5.5,1.57,4.2,5.5,1.57,3.97,5.98,1.57,4.25,6,1.54,4.06,5.69,1.57,4.2,6.8,1.73,2.08,1.76,2.09,1.75,2.1,1.7,2.05,1.63,2.16,-1,1.95,1.85,1.99,1.87,1.95,1.92,1.89,1.86,,,1.44,4.33,7,1.44,4.2,6,1.43,4.3,7,1.45,4.6,7,1.49,4.5,6.25,1.5,4.5,6,1.48,4.4,6,1.48,4.46,7.36,1.5,4.6,7.1,1.45,4.37,6.68,1.51,4.6,7.8,1.67,2.15,1.69,2.26,1.67,2.25,1.63,2.18,1.72,2.36,-1.25,2,1.8,2.03,1.88,2,1.84,1.95,1.79,2.1,1.87
N1,28/11/2025,19:00,Zwolle,Heerenveen,2,1,H,2,1,H,11,19,4,7,11,19,3,9,3,2,0,0,3.75,4,1.83,3.6,3.75,1.8,4.1,3.85,1.77,4.1,4,1.73,4,3.9,1.82,4,3.9,1.8,3.9,3.9,1.8,4.11,3.95,1.85,4.1,4,1.83,3.93,3.89,1.79,4.4,4.1,1.87,1.53,2.4,1.56,2.52,1.53,2.5,1.51,2.43,1.56,2.66,0.5,1.98,1.83,2.04,1.87,2.01,2.3,1.87,1.9,2.12,1.87,3.7,3.9,1.85,3.5,3.6,1.83,3.95,3.8,1.81,3.75,4,1.87,3.8,3.9,1.85,3.8,3.9,1.85,3.75,3.9,1.85,4.07,3.92,1.87,3.95,4,1.95,3.75,3.87,1.84,4.1,4.1,1.94,1.5,2.5,1.55,2.56,1.52,2.55,1.49,2.46,1.57,2.68,0.5,1.95,1.85,2.03,1.88,1.95,2.3,1.82,1.94,2.05,1.94
N1,29/11/2025,15:30,Excelsior,NAC Breda,1,0,H,1,0,H,6,22,2,3,22,12,1,6,4,1,0,0,2.35,3.5,2.88,2.25,3.25,2.8,2.25,3.6,2.9,2.3,3.6,2.8,2.3,3.6,2.9,2.2,3.4,2.75,2.2,3.4,2.75,2.39,3.56,2.86,2.35,3.6,2.94,2.28,3.49,2.84,2.44,3.6,3,1.7,2.1,1.7,2.17,1.7,2.14,1.67,2.09,1.73,2.22,-0.25,2.03,1.78,2.09,1.8,2.03,22,1.97,4.31,2.11,1.86,2.45,3.5,2.7,2.38,3.3,2.63,2.38,3.55,2.7,2.4,3.7,2.75,2.4,3.6,2.75,2.3,3.3,2.6,2.3,3.3,2.6,2.45,3.7,2.81,2.45,3.7,2.75,2.39,3.5,2.7,2.54,3.7,2.88,1.62,2.25,1.67,2.31,1.64,2.25,1.62,2.18,1.7,2.34,0,1.8,2,1.83,2.1,1.83,2,1.76,1.97,1.85,2.12
N1,29/11/2025,17:45,For Sittard,Heracles,1,1,D,1,0,H,23,6,5,3,19,22,11,3,3,5,0,0,2.1,3.6,3.3,2,3.4,3.2,2.07,3.55,3.3,2.05,3.6,3.25,2.15,3.6,3.2,2.15,3.7,3.2,2.15,3.6,3.1,2.13,3.58,3.32,2.15,3.7,3.3,2.09,3.56,3.24,2.14,3.65,3.6,1.7,2.1,1.72,2.17,1.7,2.2,1.65,2.12,1.74,2.22,-0.25,1.8,2,1.86,2.01,1.82,22,1.79,4.46,1.85,2.12,1.91,3.75,3.6,1.95,3.5,3.3,2,3.5,3.5,1.93,3.8,3.7,2.05,3.7,3.4,2.05,3.7,3.4,2.05,3.6,3.4,1.99,3.77,3.75,2.05,3.8,3.8,1.96,3.65,3.56,2.06,3.8,3.85,1.62,2.25,1.67,2.3,1.66,2.25,1.62,2.19,1.7,2.34,-0.5,1.93,1.88,2,1.91,2.02,1.88,1.93,1.81,2.07,1.92
N1,29/11/2025,20:00,Nijmegen,Sparta Rotterdam,3,1,H,2,0,H,19,13,7,5,9,13,7,6,2,4,0,0,1.62,4.33,4.75,1.57,4,4.5,1.6,4.3,4.7,1.6,4.2,4.75,1.65,4.4,4.5,1.65,4.4,4.5,1.65,4.4,4.4,1.63,4.36,4.71,1.65,4.5,5,1.61,4.29,4.63,1.69,4.3,5.1,1.48,2.6,1.48,2.65,1.5,2.65,1.46,2.58,1.5,2.72,-1,2.03,1.78,2.08,1.81,2.03,22,1.97,4.03,2.09,1.81,1.62,4.33,4.75,1.57,4,4.5,1.57,4.3,5,1.6,4.4,5,1.65,4.33,4.6,1.65,4.33,4.6,1.65,4.33,4.5,1.64,4.34,5.13,1.65,4.4,5,1.61,4.26,4.75,1.66,4.5,5.6,1.44,2.7,1.49,2.71,1.49,2.75,1.45,2.59,1.51,2.9,-1,2,1.8,2.05,1.86,2.1,1.86,1.96,1.8,2.05,1.91
N1,30/11/2025,11:15,PSV Eindhoven,Volendam,3,0,H,2,0,H,19,11,8,2,12,4,5,2,0,0,0,0,1.1,9.5,21,1.07,9,17,1.08,11,18,1.07,11,21,1.1,12,20,1.1,12,19,1.1,11,19,1.09,12.94,16.5,1.1,12,21,1.09,10.63,18.5,1.11,12.5,25,1.17,5,1.13,5.69,1.17,5.5,1.15,5,1.17,5.6,-2.75,1.85,1.95,1.84,1.98,1.85,22,1.82,4.43,,,1.11,9,17,1.08,9,15,1.08,11,19,1.09,11.5,22,1.12,11.5,16.5,1.11,11,17,1.11,11,15,1.1,12.85,16.72,1.12,12,22,1.1,10.48,17.16,1.11,15,26,1.18,4.5,1.14,5.47,1.18,5.6,1.15,4.97,1.17,6.4,-2.75,1.98,1.83,1.96,1.89,1.98,2,1.86,1.88,1.96,1.97
N1,30/11/2025,13:30,Go Ahead Eagles,Utrecht,2,2,D,0,1,A,11,17,6,8,9,12,4,3,2,2,0,0,2.88,3.5,2.35,2.75,3.4,2.25,2.7,3.55,2.38,2.8,3.6,2.3,2.7,3.75,2.37,2.7,3.75,2.37,2.7,3.7,2.37,2.91,3.55,2.35,2.88,3.75,2.38,2.77,3.55,2.33,2.98,3.65,2.54,1.65,2.2,1.66,2.24,1.65,2.3,1.6,2.22,1.67,2.32,0.25,1.78,2.03,1.81,2.05,1.83,22,1.75,4.19,,,3,3.5,2.3,2.8,3.2,2.3,2.8,3.45,2.35,3,3.5,2.3,2.95,3.5,2.3,3,3.5,2.3,2.9,3.4,2.3,3.12,3.43,2.38,3,3.5,2.38,2.93,3.4,2.31,3.2,3.55,2.42,1.83,1.98,1.88,2.02,1.83,2.04,1.77,1.96,1.89,2.08,0.25,1.8,2,1.86,2.05,1.83,2.06,1.77,1.93,1.92,2.07
N1,30/11/2025,13:30,Telstar,Feyenoord,1,2,A,0,1,A,12,11,2,7,8,8,3,5,0,3,0,0,7,4.5,1.44,6.5,4.6,1.36,7,5.1,1.37,6.5,5,1.4,6.75,5,1.42,6.5,5,1.4,6.5,5,1.4,6.25,5.09,1.43,7,5.1,1.44,6.53,4.94,1.4,7.4,5.2,1.46,1.44,2.7,1.44,2.77,1.44,2.8,1.42,2.68,1.47,2.92,1.25,1.95,1.85,1.95,1.9,2.02,22,1.95,4.32,,,5.25,4.1,1.57,4.6,4.2,1.53,5.75,4.3,1.5,5.25,4.5,1.57,4.8,4.5,1.6,4.8,4.5,1.6,4.8,4.4,1.6,5.11,4.59,1.6,5.75,4.6,1.6,5.03,4.37,1.56,5.6,4.6,1.63,1.44,2.7,1.45,2.83,1.45,2.75,1.43,2.67,1.5,2.92,1,1.85,1.95,1.93,1.98,1.98,1.95,1.88,1.86,1.96,2
N1,30/11/2025,15:45,Twente,AZ Alkmaar,1,0,H,0,0,D,7,7,2,1,13,9,2,3,2,4,0,0,2.2,3.7,3,2.2,3.4,2.8,2.25,3.5,2.95,2.2,3.7,2.9,2.25,3.6,2.9,2.25,3.6,2.9,2.25,3.6,2.9,2.23,3.61,3.07,2.26,3.7,3,2.23,3.54,2.93,2.34,3.7,3.1,1.57,2.35,1.6,2.37,1.62,2.35,1.57,2.27,1.6,2.42,-0.25,1.93,1.88,1.95,1.9,1.96,22,1.91,4.35,,,2.15,3.75,3,2.1,3.5,2.88,2.1,3.65,3.1,2.2,3.8,3,2.15,3.75,3,2.2,3.75,3,2.15,3.7,3,2.22,3.76,3.16,2.2,3.8,3.15,2.15,3.64,3.03,2.24,3.85,3.25,1.57,2.35,1.56,2.54,1.57,2.4,1.54,2.36,1.59,2.6,-0.25,1.88,1.93,1.94,1.96,1.88,1.94,1.85,1.89,1.95,2
N1,02/12/2025,13:30,Ajax,Groningen,2,0,H,1,0,H,13,17,6,7,14,10,3,5,1,0,0,0,1.67,4.2,4.33,1.67,3.75,4.33,1.7,3.85,4.6,1.67,3.9,4.6,1.7,4,4.6,1.7,4,4.6,1.7,4,4.5,1.74,4.07,4.32,1.73,4.2,4.6,1.69,3.91,4.49,1.76,4.2,4.9,1.67,2.15,1.68,2.2,1.67,2.2,1.65,2.13,1.7,2.24,-0.75,1.88,1.93,1.93,1.92,1.9,22,1.86,4.4,,,1.95,3.75,3.5,1.9,3.5,3.5,1.82,3.8,3.95,2,3.8,3.5,1.98,3.7,3.6,2,3.7,3.6,1.95,3.6,3.5,2.01,3.71,3.76,2,3.8,3.95,1.94,3.68,3.58,2.14,1.01,1.01,1.7,2.1,1.75,2.16,1.7,2.25,1.65,2.13,1.89,2.1,-0.5,1.95,1.85,2.01,1.89,1.95,1.98,1.88,1.85,2.14,1.85
N1,05/12/2025,19:00,Excelsior,Groningen,0,2,A,0,0,D,16,20,6,8,10,9,5,5,2,3,1,1,3.4,3.5,2.1,3.25,3.3,2,3.3,3.5,2.07,3.3,3.5,2.1,3.5,3.5,2.05,3.5,3.5,2.05,3.5,3.5,2.05,3.44,3.58,2.16,3.5,3.6,2.1,3.36,3.49,2.06,3.6,3.6,2.18,1.85,1.95,1.87,2.03,1.85,1.95,1.8,1.93,1.9,2.06,0.25,2,1.8,2.04,1.88,2,1.82,1.97,1.74,2.09,1.89,3.6,3.6,2,3.5,3.3,1.95,3.65,3.3,2,3.6,3.5,2.05,3.5,3.5,2.05,3.5,3.5,2.05,3.5,3.5,2.05,3.71,3.53,2.08,3.7,3.6,2.08,3.56,3.42,2.02,3.85,3.6,2.14,1.85,1.95,1.88,2.02,1.88,1.95,1.82,1.9,1.91,2.04,0.5,1.83,1.98,1.83,2.09,1.83,2.05,1.75,1.96,1.86,2.13
N1,06/12/2025,15:30,Heerenveen,PSV Eindhoven,0,2,A,0,2,A,12,11,3,7,13,5,7,3,1,0,0,0,4.5,5,1.57,4.6,4.33,1.53,4.7,4.9,1.54,4.8,4.6,1.55,4.75,4.75,1.57,4.8,4.8,1.57,4.8,4.6,1.57,4.38,5.03,1.59,5,5,1.6,4.63,4.71,1.56,4.7,5.2,1.64,1.3,3.5,1.33,3.38,1.33,3.5,1.3,3.28,1.34,3.5,1,1.9,1.9,1.94,1.93,1.94,1.91,1.89,1.86,1.96,1.92,3.4,4.33,1.85,3.4,4,1.8,3.9,4.25,1.72,3.5,4.2,1.9,3.5,4.33,1.83,3.5,4.33,1.85,3.5,4.33,1.83,3.62,4.37,1.88,3.95,4.4,1.96,3.53,4.24,1.83,3.85,4.4,1.92,1.33,3.4,1.34,3.36,1.33,3.4,1.31,3.27,1.37,3.55,0.5,1.93,1.88,2.02,1.89,1.93,1.95,1.89,1.81,2.07,1.9
N1,06/12/2025,17:45,For Sittard,Ajax,1,3,A,1,1,D,26,13,7,4,13,9,4,4,3,4,1,1,4.33,3.9,1.75,4,3.6,1.73,4.5,3.75,1.72,4.2,3.9,1.73,4.2,3.9,1.78,4.2,3.9,1.8,4.2,3.8,1.8,4.23,3.97,1.77,4.5,4,1.82,4.18,3.84,1.76,4.7,4.1,1.78,1.65,2.2,1.65,2.29,1.65,2.2,1.62,2.18,1.68,2.28,0.75,1.85,1.95,1.88,2,1.87,1.95,1.83,1.92,1.92,2.01,3.6,3.6,2,3.4,3.4,1.95,3.75,3.6,1.9,3.5,3.7,2,3.5,3.6,2,3.5,3.6,2,3.5,3.6,2,3.64,3.66,2.06,3.8,3.7,2,3.55,3.57,1.98,3.75,3.75,2.12,1.7,2.1,1.76,2.15,1.73,2.14,1.68,2.08,1.79,2.22,0.5,1.8,2,1.85,2.07,1.83,2,1.77,1.94,1.87,2.12
N1,06/12/2025,19:00,Heracles,Telstar,1,1,D,0,0,D,15,11,6,2,15,12,6,6,3,2,0,0,2.2,3.75,2.9,2.15,3.4,2.88,2.14,3.6,3.1,2.2,3.6,3,2.2,3.7,3,2.2,3.7,3,2.15,3.7,3,2.26,3.79,2.91,2.26,3.75,3.1,2.19,3.62,2.98,2.28,3.75,3.1,1.65,2.2,1.65,2.29,1.65,2.25,1.62,2.19,1.68,2.28,-0.25,1.95,1.85,2,1.88,1.95,1.91,1.89,1.85,1.99,1.9,2.3,3.75,2.75,2.25,3.4,2.75,2.23,3.6,2.9,2.3,3.7,2.88,2.3,3.7,2.8,2.3,3.7,2.8,2.3,3.6,2.8,2.37,3.69,2.94,2.38,3.75,2.95,2.3,3.59,2.82,2.42,3.85,2.96,1.62,2.25,1.65,2.33,1.62,2.25,1.6,2.22,1.68,2.42,-0.25,2.03,1.78,2.07,1.85,2.03,1.85,1.97,1.78,2.12,1.87
N1,06/12/2025,20:00,Feyenoord,Zwolle,6,1,H,4,0,H,25,7,12,4,17,12,8,4,1,1,0,0,1.18,8,13,1.14,7,12,1.14,8,15,1.14,8,15,1.17,8.25,14.5,1.17,8,15,1.17,8,13,1.16,8.52,12.32,1.18,8.5,15,1.16,7.72,13.72,1.19,8.4,16.5,1.3,3.5,1.28,3.63,1.3,3.65,1.28,3.43,1.32,3.6,-2.25,1.98,1.83,1.99,1.87,1.98,1.96,1.88,1.86,1.98,1.88,1.17,8.5,13,1.13,7,13,1.14,8,15,1.13,9,17,1.16,8.75,15,1.15,8.5,15,1.15,8.5,15,1.15,9.73,14.96,1.17,9,17,1.14,8.13,14.66,1.17,10,18.5,1.25,4,1.25,4.03,1.29,4,1.25,3.66,1.3,4.2,-2.5,2.03,1.78,2.06,1.82,2.06,1.78,2.01,1.74,2.16,1.83
N1,07/12/2025,11:15,Utrecht,Twente,1,1,D,0,0,D,12,21,4,6,8,8,6,8,1,2,0,0,2.45,3.6,2.7,2.38,3.25,2.63,2.45,3.4,2.75,2.45,3.5,2.63,2.45,3.6,2.7,2.45,3.6,2.7,2.45,3.6,2.7,2.47,3.55,2.75,2.48,3.6,2.76,2.44,3.45,2.71,2.5,3.5,2.76,1.73,2.08,1.77,2.07,1.8,2.08,1.73,2.01,1.79,2.1,0,1.8,2,1.83,2.04,1.83,2,1.77,1.95,1.83,2.02,2.45,3.5,2.75,2.4,3.2,2.63,2.5,3.4,2.7,2.5,3.5,2.75,2.5,3.4,2.75,2.5,3.4,2.75,2.5,3.4,2.7,2.59,3.4,2.84,2.54,3.5,2.8,2.48,3.37,2.73,2.6,3.55,2.92,1.83,1.98,1.94,1.94,1.86,1.98,1.82,1.89,1.98,1.98,0,1.78,2.03,1.86,2.05,1.85,2.03,1.77,1.95,1.88,2.09
N1,07/12/2025,13:30,AZ Alkmaar,Go Ahead Eagles,2,2,D,2,1,H,23,12,7,7,8,8,11,4,2,1,0,0,1.42,5,6.5,1.36,4.6,6.5,1.4,5,6.5,1.4,5,6.5,1.42,5,6.5,1.44,5,6.5,1.4,5,6.5,1.42,5.09,6.32,1.44,5.1,6.8,1.4,4.96,6.47,1.45,5.2,7,1.44,2.7,1.44,2.79,1.44,2.9,1.39,2.79,1.44,2.92,-1.25,1.85,1.95,1.9,1.95,1.85,1.97,1.81,1.93,1.79,1.82,1.3,5.75,8.5,1.29,5,7.5,1.32,5.4,7.5,1.3,6,9,1.34,5.5,8,1.33,5.5,8,1.33,5.5,8,1.33,5.78,8.65,1.34,6,9,1.31,5.54,8.02,1.38,5.9,9.2,1.36,3.1,1.38,3.18,1.37,3.1,1.35,2.98,1.4,3.4,-1.5,1.83,1.98,1.88,2.03,1.9,1.98,1.82,1.91,1.92,2.02
N1,07/12/2025,13:30,Volendam,Nijmegen,2,3,A,1,0,H,13,16,5,7,7,17,4,8,2,5,0,0,4,4,1.8,3.6,3.75,1.8,3.8,4.1,1.79,3.9,4.1,1.75,3.75,4.1,1.82,3.75,4.2,1.83,3.75,4,1.8,3.84,4.19,1.81,4,4.2,1.83,3.78,4.03,1.8,3.8,3.9,1.8,1.44,2.7,1.45,2.74,1.47,2.7,1.43,2.64,1.39,2.56,0.5,2.03,1.78,2.04,1.81,2.03,1.83,1.97,1.75,2,1.8,4.5,4.2,1.67,4.2,4,1.62,4.7,4.3,1.61,4.4,4.5,1.67,4.33,4.33,1.68,4.33,4.33,1.67,4.33,4.33,1.67,4.48,4.48,1.69,4.7,4.5,1.68,4.4,4.29,1.65,4.8,4.7,1.72,1.36,3.1,1.41,2.99,1.4,3.1,1.36,2.92,1.43,3.25,0.75,1.98,1.83,2.03,1.88,2.04,1.83,1.97,1.78,2.09,1.88
N1,07/12/2025,15:45,Sparta Rotterdam,NAC Breda,1,0,H,1,0,H,12,22,6,9,11,10,1,14,1,1,0,0,2.1,3.6,3.3,2,3.4,3.2,2,3.6,3.45,2.05,3.6,3.3,2.05,3.6,3.3,2.05,3.6,3.3,2.05,3.6,3.3,2.09,3.66,3.33,2.1,3.6,3.45,2.04,3.56,3.31,2.12,3.7,3.4,1.67,2.15,1.69,2.19,1.71,2.2,1.67,2.1,1.73,2.2,-0.25,1.8,2,1.83,2.03,1.8,2.06,1.76,1.99,,,2.45,3.4,2.8,2.25,3.25,2.8,2.25,3.4,3.05,2.4,3.5,2.88,2.37,3.5,2.85,2.3,3.5,2.9,2.37,3.5,2.87,2.45,3.46,2.98,2.45,3.5,3.05,2.33,3.4,2.91,2.52,3.55,3.1,1.8,2,1.82,2.07,1.8,2.04,1.75,1.99,1.85,2.12,-0.25,2.08,1.73,2.12,1.81,2.08,1.85,1.97,1.78,2.16,1.85
N1,13/12/2025,15:30,Telstar,Nijmegen,2,2,D,1,1,D,10,16,4,8,8,11,5,7,0,2,0,0,3.5,4,1.9,3.3,3.75,1.9,3.6,3.9,1.86,3.5,4,1.87,3.5,3.9,1.93,3.5,3.9,1.91,3.5,3.9,1.91,3.69,4.03,1.88,3.65,4,1.93,3.52,3.89,1.89,3.8,4.1,1.93,1.44,2.7,1.47,2.71,1.48,2.7,1.43,2.63,1.5,2.8,0.5,1.93,1.88,1.98,1.89,1.93,1.9,1.86,1.84,2,1.94,3,4,2.1,3,3.5,2.05,3.1,3.85,2.06,3.13,3.9,2.1,3.1,3.8,2.1,3.1,3.8,2.1,3.1,3.8,2.1,3.25,3.92,2.12,3.13,4,2.15,3.06,3.8,2.09,3.35,4,2.16,1.48,2.6,1.51,2.65,1.5,2.63,1.46,2.54,1.52,2.82,0.25,1.98,1.83,2.04,1.87,1.98,1.83,1.94,1.76,2.09,1.89
N1,13/12/2025,17:45,Groningen,Volendam,3,0,H,1,0,H,26,5,7,1,7,11,18,1,0,1,0,1,1.44,4.33,7,1.4,4.33,6.5,1.4,4.6,7,1.4,4.75,7,1.44,4.8,6.5,1.44,4.8,6.5,1.44,4.8,6.5,1.44,4.82,6.52,1.44,4.8,7.1,1.42,4.64,6.65,1.48,4.9,7.2,1.53,2.4,1.58,2.43,1.55,2.5,1.52,2.39,1.59,2.52,-1.25,1.9,1.9,1.95,1.92,1.9,1.95,1.85,1.89,1.96,1.92,1.33,4.5,7,1.33,4.6,7.5,1.36,4.9,7.5,1.36,5.25,8,1.38,5,7.5,1.4,5,7.5,1.36,5,7.5,1.39,5.13,8.02,1.43,5.25,8.9,1.36,4.88,7.53,1.41,5.3,8.6,1.53,2.4,1.55,2.56,1.53,2.55,1.49,2.47,1.55,2.76,-1.25,1.78,2.03,1.81,2.09,1.81,2.03,1.76,1.99,1.85,2.12
N1,13/12/2025,19:00,PSV Eindhoven,Heracles,4,3,H,2,1,H,21,11,6,6,12,7,10,4,2,4,0,0,1.13,11,15,1.09,8,15,1.12,9,15,1.09,10,19,1.13,10,17,1.12,10,17,1.12,10,17,1.1,11.79,16.16,1.13,11,19.5,1.11,9.44,16.47,1.12,13.5,21,1.18,4.5,1.16,4.99,1.2,4.8,1.18,4.4,1.21,5.2,-2.75,2,1.8,2,1.84,2.06,1.8,1.99,1.76,2.02,1.85,1.1,12,15,1.09,8.5,15,1.09,11,17,1.1,11,20,1.12,11,18.5,1.11,11,17,1.11,11,17,1.11,11.61,15.65,1.13,12,20,1.1,10.24,16.84,1.12,13.5,24,1.18,4.5,1.15,5.02,1.18,5.1,1.16,4.72,1.2,5.6,-2.5,1.83,1.98,1.83,2.01,1.85,2.07,1.77,1.97,1.84,2.12
N1,13/12/2025,20:00,Zwolle,For Sittard,1,0,H,1,0,H,8,11,3,3,17,13,2,12,3,3,0,0,2.35,3.6,2.88,2.25,3.3,2.8,2.33,3.5,2.85,2.38,3.5,2.8,2.35,3.7,2.75,2.37,3.7,2.75,2.3,3.7,2.75,2.42,3.62,2.77,2.38,3.7,2.94,2.34,3.53,2.8,2.5,3.65,2.78,1.7,2.1,1.74,2.12,1.7,2.2,1.66,2.11,1.76,2.18,0,1.75,2.05,1.81,2.08,1.75,2.15,1.7,2.03,1.84,2.07,2.55,3.6,2.6,2.4,3.25,2.6,2.45,3.45,2.7,2.5,3.5,2.63,2.45,3.6,2.7,2.45,3.6,2.7,2.4,3.6,2.7,2.61,3.6,2.68,2.55,3.6,2.7,2.48,3.48,2.65,2.64,3.7,2.8,1.7,2.1,1.74,2.18,1.7,2.2,1.66,2.1,1.79,2.24,0,1.85,1.95,1.93,1.98,1.85,1.95,1.81,1.9,1.92,2.06
N1,14/12/2025,11:15,Sparta Rotterdam,Heerenveen,0,3,A,0,1,A,11,20,3,5,10,15,5,10,1,2,0,0,2.9,3.6,2.3,2.88,3.4,2.15,3.1,3.65,2.12,2.8,3.7,2.25,2.95,3.75,2.2,2.9,3.75,2.2,2.9,3.75,2.2,2.84,3.77,2.31,3.15,3.75,2.3,2.9,3.65,2.21,3.1,3.8,2.32,1.57,2.35,1.56,2.44,1.57,2.43,1.53,2.36,1.57,2.42,0.25,1.83,1.98,1.83,2.04,1.94,1.98,1.84,1.85,,,2.8,3.75,2.25,2.75,3.4,2.25,2.88,3.6,2.25,2.88,3.75,2.3,2.87,3.75,2.25,2.87,3.75,2.25,2.87,3.7,2.25,2.92,3.83,2.33,2.9,3.75,2.3,2.85,3.65,2.26,2.98,3.9,2.4,1.53,2.4,1.58,2.48,1.55,2.43,1.53,2.38,1.6,2.62,0.25,1.8,2,1.87,2.05,1.83,2,1.8,1.9,1.89,2.09
N1,14/12/2025,13:30,Ajax,Feyenoord,2,0,H,1,0,H,15,18,7,1,12,12,3,12,2,1,0,0,3,3.9,2.15,3,3.5,2.05,2.95,3.75,2.14,3,3.75,2.15,3,3.8,2.15,3,3.8,2.15,3,3.75,2.15,2.95,3.91,2.19,3.2,3.9,2.16,2.97,3.74,2.14,3.25,3.9,2.24,1.53,2.4,1.54,2.5,1.55,2.6,1.51,2.42,1.56,2.54,0.25,1.9,1.9,1.91,1.94,1.95,1.9,1.88,1.82,,,3.2,4,2.05,3.1,3.5,2,3.25,3.8,2,3.2,3.8,2.1,3.2,3.8,2.1,3.2,3.8,2.1,3.1,3.75,2.1,3.32,3.94,2.09,3.3,4,2.15,3.18,3.76,2.06,3.5,3.95,2.14,1.53,2.4,1.58,2.47,1.55,2.45,1.52,2.37,1.58,2.66,0.25,2,1.8,2.08,1.84,2.02,1.8,1.99,1.73,2.1,1.87
N1,14/12/2025,13:30,Twente,Go Ahead Eagles,2,0,H,2,0,H,23,6,7,2,7,9,3,6,0,3,0,0,1.42,4.5,7.5,1.36,4.6,6.5,1.37,4.9,7,1.4,4.8,7,1.41,5,6.75,1.4,5,7,1.4,5,6.5,1.43,4.63,7.01,1.42,5,7.5,1.39,4.79,6.89,1.44,4.9,8.2,1.5,2.5,1.52,2.54,1.5,2.65,1.45,2.57,1.52,2.64,-1.25,1.85,1.95,1.92,1.93,1.85,2.02,1.79,1.95,,,1.4,4.5,7.5,1.36,4.5,7,1.4,4.6,7,1.4,5,7.5,1.42,4.8,7,1.4,4.8,7,1.4,4.8,7,1.41,4.87,7.89,1.43,5,8.2,1.4,4.68,7.17,1.44,4.9,8.6,1.57,2.35,1.6,2.43,1.57,2.55,1.52,2.39,1.61,2.58,-1.25,1.85,1.95,1.89,2.02,1.87,1.95,1.83,1.91,1.92,2.04
N1,14/12/2025,15:45,NAC Breda,Utrecht,1,1,D,1,1,D,16,11,3,6,10,12,6,5,2,2,0,0,2.7,3.4,2.6,2.63,3.2,2.4,2.7,3.45,2.43,2.63,3.4,2.5,2.7,3.5,2.5,2.7,3.5,2.5,2.7,3.5,2.45,2.65,3.49,2.59,2.72,3.5,2.6,2.66,3.4,2.49,2.82,3.45,2.58,1.85,1.95,1.86,1.97,1.85,1.95,1.8,1.92,1.86,2.02,0,1.95,1.85,1.95,1.9,1.95,1.85,1.9,1.82,,,2.63,3.4,2.7,2.6,3.1,2.5,2.6,3.4,2.6,2.63,3.4,2.7,2.6,3.4,2.6,2.6,3.4,2.62,2.6,3.4,2.6,2.64,3.43,2.75,2.7,3.4,2.71,2.6,3.34,2.62,2.72,3.55,2.8,1.95,1.85,1.99,1.9,1.95,1.95,1.86,1.85,2,1.98,0,1.83,1.98,1.91,1.99,1.85,1.98,1.82,1.9,1.95,2.02
N1,20/12/2025,15:30,Heracles,Heerenveen,0,3,A,0,0,D,8,15,2,8,12,9,4,4,1,1,0,0,3.3,3.8,2.05,3.1,3.5,2,3.25,3.6,2.07,3.2,3.75,2.05,3.2,3.8,2.1,3.2,3.8,2.1,3.1,3.75,2.1,3.27,3.81,2.07,3.4,3.8,2.1,3.2,3.7,2.06,3.3,4,2.14,1.57,2.35,1.56,2.49,1.58,2.38,1.54,2.34,1.58,2.54,0.25,2.03,1.78,2.05,1.83,2.03,1.82,1.97,1.74,2.05,1.87,3.6,3.75,2,3.3,3.5,1.95,3.45,3.65,1.97,3.5,3.8,2,3.4,3.75,2,3.4,3.75,2,3.4,3.7,2,3.59,3.81,2.03,3.6,3.8,2,3.43,3.69,1.98,3.8,3.9,2.04,1.65,2.2,1.67,2.31,1.65,2.33,1.59,2.23,1.67,2.44,0.5,1.83,1.98,1.88,2.04,1.85,1.98,1.79,1.92,1.94,2.05
N1,20/12/2025,17:45,Excelsior,Zwolle,2,1,H,1,0,H,13,9,4,3,13,7,3,1,1,1,0,0,2.15,3.6,3.2,2.1,3.4,3,2.06,3.65,3.25,2.1,3.7,3.1,2.15,3.75,3.1,2.15,3.75,3.1,2.1,3.7,3.1,2.1,3.78,3.23,2.15,3.75,3.25,2.09,3.63,3.16,2.16,3.95,3.35,1.65,2.2,1.62,2.34,1.65,2.38,1.59,2.25,1.67,2.32,-0.25,1.83,1.98,1.85,2.02,1.83,2,1.79,1.95,1.89,2.06,2.05,3.6,3.3,2,3.5,3.1,2.02,3.8,3.2,2.1,3.75,3.25,2.15,3.75,3.1,2.15,3.75,3.1,2.1,3.7,3.1,2.15,3.74,3.33,2.15,3.85,3.3,2.07,3.68,3.19,2.16,3.85,3.5,1.62,2.25,1.64,2.35,1.62,2.43,1.58,2.26,1.69,2.42,-0.25,1.8,2,1.88,2.03,1.8,2.02,1.77,1.97,1.88,2.09
N1,20/12/2025,19:00,Nijmegen,Ajax,2,2,D,1,2,A,15,19,6,8,8,8,1,7,3,3,1,0,2.3,4,2.63,2.25,3.5,2.63,2.28,3.8,2.75,2.25,3.8,2.7,2.3,3.9,2.75,2.3,3.9,2.75,2.25,3.8,2.75,2.27,3.91,2.82,2.3,4,2.78,2.27,3.79,2.72,2.34,4.3,2.82,1.48,2.6,1.47,2.71,1.48,2.75,1.44,2.62,1.51,2.8,-0.25,2,1.8,2.02,1.85,2,1.8,1.97,1.78,2.08,1.87,2.1,4.1,2.88,2.05,3.6,3,2.2,3.9,2.75,2.15,4,3,2.15,3.9,3,2.15,3.9,3,2.15,3.9,3,2.17,4.08,3.05,2.2,4.1,3,2.14,3.89,2.92,2.26,4,3.15,1.44,2.7,1.46,2.82,1.44,2.85,1.41,2.72,1.48,3,-0.25,1.85,1.95,1.93,1.98,1.95,1.95,1.88,1.86,1.98,2.01
N1,20/12/2025,20:00,NAC Breda,Telstar,0,1,A,0,0,D,11,11,2,4,11,16,8,3,2,3,0,0,1.85,3.9,3.9,1.8,3.5,3.75,1.81,3.75,4,1.83,3.75,3.9,1.87,3.9,3.8,1.85,3.9,3.8,1.85,3.8,3.75,1.86,3.84,3.91,1.87,3.9,4,1.83,3.76,3.86,1.9,3.85,4.2,1.7,2.1,1.74,2.13,1.7,2.16,1.67,2.1,1.77,2.18,-0.5,1.83,1.98,1.88,1.99,1.87,1.98,1.82,1.92,1.9,2.05,1.75,3.9,4.33,1.73,3.5,4.2,1.77,3.8,4.1,1.75,3.9,4.4,1.82,3.8,4.1,1.83,3.8,4,1.8,3.8,4,1.82,3.87,4.39,1.85,3.9,4.4,1.78,3.78,4.15,1.86,4,4.7,1.75,2.05,1.79,2.1,1.75,2.07,1.72,2.01,1.84,2.14,-0.5,1.75,2.05,1.82,2.08,1.87,2.05,1.78,1.96,1.86,2.14
N1,21/12/2025,11:15,Utrecht,PSV Eindhoven,1,2,A,1,0,H,17,14,3,8,7,14,2,12,3,5,0,1,4.5,4.1,1.7,4.2,3.75,1.67,4.35,4.25,1.66,4.33,4.2,1.67,4.33,4.33,1.7,4.33,4.33,1.7,4.2,4.2,1.7,4.51,4.16,1.69,4.65,4.33,1.7,4.33,4.14,1.68,4.4,4.4,1.75,1.48,2.6,1.47,2.66,1.5,2.65,1.46,2.56,1.51,2.72,0.75,1.95,1.85,1.98,1.88,1.96,1.85,1.92,1.82,1.95,1.93,3.8,4,1.85,3.75,3.75,1.73,3.95,4,1.75,4,4.1,1.8,4,4,1.8,4,4,1.8,4,4,1.8,4.15,4.06,1.82,4,4.1,1.91,3.91,3.97,1.79,4.4,4.2,1.86,1.48,2.6,1.51,2.65,1.5,2.63,1.47,2.53,1.52,2.86,0.5,1.98,1.83,2.08,1.82,2,1.9,1.96,1.76,2.14,1.84
N1,21/12/2025,13:30,Feyenoord,Twente,1,1,D,0,1,A,10,29,4,11,15,11,7,12,2,0,1,0,1.7,4.2,4.5,1.67,3.75,4.33,1.64,3.95,4.8,1.67,4,4.5,1.7,4.2,4.4,1.7,4.2,4.4,1.7,4.2,4.33,1.71,4.08,4.47,1.72,4.2,4.8,1.68,4.01,4.48,1.7,4.4,4.8,1.57,2.35,1.6,2.37,1.57,2.4,1.54,2.33,1.6,2.46,-0.75,1.85,1.95,1.91,1.94,1.85,1.98,1.81,1.93,1.84,2.02,1.95,3.9,3.5,1.9,3.6,3.4,1.86,3.7,3.8,1.95,3.9,3.5,1.98,3.75,3.5,2,3.75,3.5,2,3.7,3.4,2,3.82,3.69,2,3.9,3.8,1.92,3.74,3.57,2.04,3.9,3.85,1.57,2.35,1.62,2.38,1.6,2.5,1.54,2.34,1.62,2.52,-0.5,1.95,1.85,2,1.9,1.95,1.93,1.87,1.86,2.04,1.94
N1,21/12/2025,13:30,Go Ahead Eagles,Groningen,1,1,D,1,0,H,8,14,3,3,10,13,1,8,2,1,0,0,3.3,3.5,2.15,3.1,3.3,2.1,3.1,3.55,2.16,3.1,3.5,2.15,3.1,3.6,2.15,3.1,3.6,2.15,3.1,3.6,2.15,3.34,3.44,2.17,3.3,3.65,2.18,3.14,3.47,2.15,3.35,3.75,2.18,1.73,2.08,1.74,2.12,1.73,2.14,1.68,2.07,1.77,2.12,0.25,1.95,1.85,1.97,1.88,1.95,1.89,1.9,1.8,2.02,1.91,3.5,3.5,2.05,3.25,3.3,2,3.45,3.4,2.07,3.4,3.6,2.1,3.3,3.6,2.1,3.3,3.6,2.1,3.3,3.5,2.1,3.58,3.59,2.1,3.5,3.6,2.14,3.36,3.48,2.07,3.65,3.7,2.14,1.75,2.05,1.8,2.09,1.75,2.12,1.72,2.02,1.81,2.16,0.25,2.03,1.78,2.1,1.83,2.03,1.81,1.98,1.73,2.12,1.86
N1,21/12/2025,15:45,For Sittard,AZ Alkmaar,4,3,H,2,2,D,15,21,6,9,18,11,5,8,3,0,0,0,4.2,3.8,1.8,3.75,3.6,1.8,4,3.95,1.76,3.8,3.9,1.83,3.9,3.9,1.83,3.9,3.9,1.83,3.9,3.9,1.83,3.99,3.86,1.84,4.2,4,1.83,3.89,3.83,1.81,4.1,4,1.88,1.57,2.35,1.61,2.34,1.62,2.45,1.56,2.29,1.62,2.38,0.5,1.98,1.83,2.01,1.85,2,1.83,1.92,1.79,,,4.5,4,1.7,4.5,3.75,1.62,4.9,3.95,1.63,4.75,4.2,1.67,4.5,4.2,1.68,4.5,4.2,1.7,4.4,4.2,1.67,4.96,4.33,1.65,5,4.2,1.7,4.66,4.03,1.65,5.2,4.3,1.71,1.57,2.35,1.59,2.39,1.57,2.48,1.54,2.34,1.65,2.5,0.75,1.93,1.88,2.09,1.83,2,1.88,1.94,1.8,2.09,1.9
N1,21/12/2025,15:45,Volendam,Sparta Rotterdam,0,1,A,0,0,D,12,23,5,10,14,6,6,8,3,2,0,0,2.8,3.75,2.35,2.63,3.4,2.3,2.75,3.6,2.35,2.75,3.7,2.3,2.7,3.7,2.4,2.7,3.7,2.4,2.7,3.6,2.4,2.86,3.61,2.36,2.8,3.75,2.44,2.74,3.59,2.34,2.86,3.8,2.42,1.57,2.35,1.61,2.33,1.6,2.38,1.56,2.29,1.61,2.44,0.25,1.78,2.03,1.81,2.07,1.78,2.05,1.75,1.96,,,2.88,3.7,2.3,2.75,3.4,2.25,2.85,3.6,2.25,2.88,3.75,2.3,2.87,3.6,2.3,2.87,3.6,2.3,2.87,3.6,2.25,2.96,3.7,2.35,2.92,3.75,2.3,2.85,3.57,2.28,3.05,3.8,2.38,1.6,2.3,1.63,2.3,1.62,2.3,1.6,2.23,1.67,2.46,0.25,1.8,2,1.86,2.06,1.83,2,1.79,1.91,1.89,2.08
