Div,Date,Time,HomeTeam,AwayTeam,FTHG,FTAG,FTR,HTHG,HTAG,HTR,Referee,HS,AS,HST,AST,HF,AF,HC,AC,HY,AY,HR,AR,B365H,B365D,B365A,BFDH,BFDD,BFDA,BMGMH,BMGMD,BMGMA,BVH,BVD,BVA,BWH,BWD,BWA,CLH,CLD,CLA,LBH,LBD,LBA,PSH,PSD,PSA,MaxH,MaxD,MaxA,AvgH,AvgD,AvgA,BFEH,BFED,BFEA,B365>2.5,B365<2.5,P>2.5,P<2.5,Max>2.5,Max<2.5,Avg>2.5,Avg<2.5,BFE>2.5,BFE<2.5,AHh,B365AHH,B365AHA,PAHH,PAHA,MaxAHH,MaxAHA,AvgAHH,AvgAHA,BFEAHH,BFEAHA,B365CH,B365CD,B365CA,BFDCH,BFDCD,BFDCA,BMGMCH,BMGMCD,BMGMCA,BVCH,BVCD,BVCA,BWCH,BWCD,BWCA,CLCH,CLCD,CLCA,LBCH,LBCD,LBCA,PSCH,PSCD,PSCA,MaxCH,MaxCD,MaxCA,AvgCH,AvgCD,AvgCA,BFECH,BFECD,BFECA,B365C>2.5,B365C<2.5,PC>2.5,PC<2.5,MaxC>2.5,MaxC<2.5,AvgC>2.5,AvgC<2.5,BFEC>2.5,BFEC<2.5,AHCh,B365CAHH,B365CAHA,PCAHH,PCAHA,MaxCAHH,MaxCAHA,AvgCAHH,AvgCAHA,BFECAHH,BFECAHA
SC0,02/08/2025,15:00,Kilmarnock,Livingston,2,2,D,2,0,H,M MacDermid,8,15,2,6,11,14,3,5,2,2,1,0,2,3.5,3.6,2.05,3.5,3.75,2,3.65,3.4,1.95,3.4,3.5,1.98,3.4,3.6,2,3.5,3.6,2,3.5,3.6,2.05,3.36,3.76,2.05,3.65,3.76,2,3.47,3.55,2.08,3.6,3.9,1.94,1.79,2,1.85,2,1.91,1.92,1.82,2.04,1.9,-0.5,2.03,1.83,2.07,1.82,2.07,1.83,1.97,1.77,2.08,1.87,2.3,3.4,3,2.38,3.3,3.2,2.23,3.4,3.15,2.25,3.4,3.1,2.25,3.3,3.1,2.2,3.4,3.3,2.37,3.3,3,2.25,3.44,3.36,2.38,3.45,3.3,2.26,3.35,3.1,2.4,3.5,3.25,2.03,1.83,2.03,1.87,2.03,1.83,1.95,1.79,2.08,1.9,-0.25,2.05,1.8,1.94,1.96,2.05,1.93,1.87,1.83,2.06,1.91
SC0,02/08/2025,17:30,Motherwell,Rangers,1,1,D,0,1,A,S McLean,17,15,5,5,11,13,1,12,1,4,0,0,7,5,1.4,7.5,5,1.44,7,5.4,1.36,7,4.8,1.36,6.75,4.8,1.41,7,4.8,1.4,6.5,4.8,1.4,6.55,5.36,1.39,7.5,5.4,1.44,6.8,5.03,1.38,7.8,5.4,1.42,1.44,2.75,1.46,2.74,1.46,2.85,1.43,2.69,1.48,2.84,1.25,2,1.85,2.04,1.84,2.04,1.85,1.97,1.76,2.05,1.84,5.75,4.5,1.5,6,4.5,1.53,6,4.7,1.46,5.75,4.4,1.5,5.5,4.4,1.52,5.5,4.4,1.55,5.5,4.4,1.53,6.08,4.57,1.53,6.33,4.7,1.55,5.77,4.45,1.5,6.2,4.9,1.56,1.57,2.38,1.7,2.24,1.62,2.38,1.56,2.32,1.63,2.56,1,2.03,1.83,2.03,1.88,2.03,1.85,1.97,1.77,2.08,1.91
SC0,03/08/2025,14:00,Falkirk,Dundee United,2,2,D,0,1,A,J Beaton,14,11,4,5,9,13,2,4,1,5,0,0,1.9,3.8,3.8,1.95,3.6,4,1.86,3.85,3.8,1.85,3.5,3.8,1.88,3.6,3.75,1.91,3.7,3.8,1.91,3.6,3.8,1.89,3.59,4.09,1.95,3.85,4.09,1.88,3.65,3.8,1.92,3.65,4,1.83,2.03,1.8,2.03,1.83,2.03,1.78,1.97,1.84,2.02,-0.5,1.9,1.95,1.9,1.95,1.9,1.95,1.85,1.89,1.92,1.98,1.75,3.7,4.33,1.8,3.75,4.6,1.81,3.75,4,1.8,3.6,4.33,1.8,3.5,4.2,1.83,3.6,4.33,1.85,3.5,4.2,1.86,3.6,4.52,1.87,3.75,4.6,1.8,3.63,4.2,1.88,3.8,4.7,1.93,1.93,1.95,1.93,1.93,1.93,1.87,1.86,1.95,2.02,-0.5,1.73,2.08,1.87,2.04,1.86,2.08,1.79,1.94,1.88,2.12
SC0,03/08/2025,15:00,Dundee,Hibernian,1,2,A,1,2,A,D Dickinson,2,15,1,5,6,8,3,11,3,1,0,0,4.1,3.6,1.83,4.2,3.75,1.9,3.95,3.75,1.8,3.8,3.7,1.8,3.75,3.6,1.87,3.8,3.7,1.91,3.8,3.7,1.91,4.12,3.82,1.82,4.2,3.82,1.91,3.92,3.69,1.83,4.2,3.95,1.86,1.67,2.2,1.68,2.21,1.68,2.21,1.66,2.13,1.71,2.2,0.5,2,1.85,2.03,1.83,2.03,1.85,1.94,1.8,2.07,1.86,4.1,3.5,1.85,4.2,3.6,1.91,3.7,3.75,1.9,4.1,3.6,1.83,4,3.5,1.87,4.2,3.6,1.85,4.2,3.6,1.83,4.27,3.78,1.86,4.2,3.75,1.91,3.96,3.61,1.86,4.5,3.85,1.92,1.83,2.03,1.79,2.1,1.88,2.03,1.79,1.95,1.96,2,0.5,1.98,1.88,2.04,1.87,1.98,1.89,1.89,1.84,2.08,1.92
SC0,03/08/2025,16:30,Celtic,St Mirren,1,0,H,0,0,D,D Robertson,14,4,6,2,10,6,12,1,2,1,0,0,1.17,6.5,17,1.18,7.5,17,1.16,7.5,14,1.13,7,15,1.18,7.5,13.5,1.18,7.5,13,1.18,7.5,13,1.17,7.49,14.77,1.18,7.5,17,1.16,7.16,14.4,1.19,8.2,20,1.44,2.75,1.38,2.97,1.44,3,1.39,2.82,1.43,2.94,-2,1.78,2.03,1.81,2.04,1.85,2.04,1.79,1.95,1.81,2.05,1.13,8.5,21,1.13,9.5,21,1.13,8.5,16,1.1,9.5,19,1.13,9,16,1.13,9.5,17,1.13,9,17,1.15,8.56,19.03,1.13,9.5,23,1.12,8.84,17.75,1.14,11,30,1.3,3.5,1.36,3.22,1.33,3.5,1.3,3.27,1.36,3.7,-2.5,2,1.85,2.16,1.75,2.05,1.85,1.99,1.76,2.05,1.88
SC0,04/08/2025,20:00,Hearts,Aberdeen,2,0,H,1,0,H,N Walsh,13,11,3,1,19,18,3,3,3,2,0,0,2.1,3.6,3.3,2.15,3.6,3.4,2.04,3.45,3.5,2.05,3.5,3.2,2.1,3.5,3.1,2.15,3.6,3.2,2.15,3.6,3.1,2.08,3.56,3.46,2.15,3.6,3.5,2.08,3.5,3.3,2.18,3.65,3.4,1.8,2,1.77,2.08,1.8,2.08,1.77,1.98,1.76,2.08,-0.25,1.83,2.03,1.81,2.06,1.83,2.06,1.74,1.98,1.88,2.09,1.71,3.5,4.75,1.83,3.75,4.6,1.79,3.6,4.4,1.75,3.7,4.5,1.78,3.5,4.4,1.85,3.5,4.33,1.85,3.5,4.2,1.93,3.55,4.28,1.85,3.75,5.1,1.78,3.56,4.44,1.85,3.85,4.9,1.92,1.82,2.11,1.79,2,1.85,1.93,1.8,2.06,1.93,-0.5,1.75,2.05,1.93,1.97,1.83,2.1,1.76,1.97,1.85,2.16
SC0,09/08/2025,15:00,Livingston,Falkirk,3,1,H,2,0,H,C Graham,8,8,5,3,23,15,4,5,4,2,0,0,2.6,3.4,2.63,2.75,3.2,2.63,2.6,3.2,2.7,2.6,3.2,2.55,2.6,3.25,2.6,2.62,3.3,2.62,2.62,3.3,2.62,2.68,3.23,2.73,2.75,3.4,2.71,2.61,3.22,2.64,2.7,3.3,2.92,2.1,1.73,2.08,1.76,2.1,1.73,2.05,1.71,2.08,1.77,0,1.93,1.93,1.91,1.94,1.93,1.95,1.85,1.89,1.9,2.03,2.5,3.5,2.6,2.6,3.3,2.75,2.6,3.25,2.7,2.5,3.4,2.75,2.5,3.4,2.6,2.5,3.4,2.7,2.5,3.3,2.75,2.53,3.21,3.06,2.6,3.5,2.75,2.54,3.32,2.68,2.74,3.45,2.84,1.85,2,2.23,1.65,2,2,1.89,1.84,2,1.98,0,1.88,1.98,1.78,2.16,1.88,1.98,1.82,1.92,1.96,2.02
SC0,09/08/2025,15:00,St Mirren,Motherwell,0,0,D,0,0,D,R Hardie,9,7,4,3,16,4,7,4,5,1,0,0,1.95,3.5,3.8,2,3.4,3.75,1.96,3.65,3.6,1.95,3.3,3.6,1.98,3.4,3.5,2,3.5,3.6,2,3.5,3.6,1.98,3.54,3.77,2,3.65,3.8,1.97,3.47,3.6,2,3.45,3.85,2,1.85,1.99,1.85,2,1.85,1.95,1.8,2,1.84,-0.5,2,1.85,1.99,1.86,2,1.85,1.93,1.8,2.01,1.86,1.91,3.6,3.8,1.91,3.4,3.75,1.96,3.6,3.6,1.95,3.5,3.7,1.95,3.5,3.6,2,3.6,3.7,1.95,3.5,3.6,2.21,3.59,3.3,2.01,3.6,3.8,1.95,3.53,3.65,2.06,3.8,3.9,1.9,1.95,2.01,1.88,2,1.95,1.91,1.83,1.95,2,-0.5,1.95,1.9,2.21,1.73,1.98,1.9,1.91,1.82,2.06,1.92
SC0,09/08/2025,17:45,Rangers,Dundee,1,1,D,0,0,D,D Robertson,20,7,5,2,13,4,7,4,2,1,1,0,1.17,7.5,17,1.14,8.5,17,1.14,8,15,1.12,7.5,17,1.15,8,15.5,1.15,8.5,15,1.15,8,15,1.14,8.41,15.69,1.17,8.5,18,1.14,7.77,15.53,1.15,10,21,1.36,3.2,1.37,3.06,1.36,3.25,1.34,3.09,1.39,3.15,-2.25,1.98,1.88,1.94,1.89,1.98,1.88,1.82,1.85,1.95,2,1.13,8.5,21,1.13,8.5,21,1.13,8.5,16,1.1,9.5,19,1.13,9.25,17.5,1.13,9,17,1.13,9,17,1.16,8.57,16.8,1.13,9.5,21,1.12,8.75,18.03,1.13,11.5,30,1.33,3.4,1.35,3.28,1.35,3.5,1.31,3.26,1.39,3.5,-2.5,2,1.85,2.17,1.75,2,1.85,1.94,1.79,2.08,1.85
SC0,10/08/2025,12:30,Aberdeen,Celtic,0,2,A,0,1,A,J Beaton,6,13,2,4,15,11,1,6,2,3,0,0,6,5,1.44,7,5,1.4,6.75,5.2,1.38,6.5,4.8,1.36,6.25,4.8,1.42,6.5,5,1.44,6.5,5,1.44,6.8,5,1.41,7,5.2,1.44,6.49,4.94,1.4,7,5.3,1.44,1.5,2.63,1.47,2.63,1.5,2.65,1.47,2.57,1.49,2.72,1.25,1.98,1.88,1.98,1.87,1.98,1.88,1.92,1.76,1.98,1.87,8,5.75,1.3,9,5.5,1.3,7.5,5.5,1.33,9,5.75,1.29,8,5.5,1.32,8,5.5,1.33,8,5.5,1.33,8.27,5.69,1.35,9,5.8,1.33,8.08,5.54,1.31,9.8,6,1.36,1.4,3,1.41,3,1.44,3,1.4,2.77,1.47,3,1.5,2,1.85,2.01,1.9,2,1.89,1.9,1.83,2.04,1.93
SC0,10/08/2025,15:00,Dundee United,Hearts,2,3,A,2,1,H,D Dickinson,13,16,5,8,14,11,2,9,3,4,0,0,4,3.5,1.91,3.75,3.5,2,3.6,3.75,1.92,3.6,3.5,1.9,3.6,3.5,1.95,3.7,3.6,2,3.6,3.5,1.95,3.84,3.59,1.95,4,3.75,2,3.64,3.55,1.93,4.3,3.7,1.97,1.85,2,1.84,2,1.85,2,1.79,1.94,1.01,1.98,0.5,1.9,1.95,1.89,1.96,1.9,1.95,1.83,1.9,2.02,1.97,4.33,3.4,1.85,4.5,3.6,1.8,4,3.7,1.84,4.5,3.6,1.75,4.2,3.5,1.8,4.33,3.6,1.83,4.2,3.6,1.83,4.67,3.61,1.83,4.5,3.7,1.85,4.23,3.55,1.82,4.9,3.8,1.87,2.03,1.83,2.04,1.86,2.03,1.92,1.92,1.82,2.06,1.9,0.5,1.98,1.88,2.07,1.85,2,1.88,1.94,1.79,2.13,1.87
SC0,10/08/2025,15:00,Hibernian,Kilmarnock,2,2,D,2,1,H,N Walsh,12,10,6,2,10,15,4,7,1,2,0,0,1.7,4,4.5,1.7,3.75,5,1.68,4.1,4.4,1.65,3.75,4.6,1.7,3.8,4.6,1.7,3.9,4.6,1.7,3.8,4.6,1.68,3.9,4.9,1.7,4.1,5,1.68,3.87,4.55,1.68,4.2,5,1.8,2,1.8,2.03,1.8,2.04,1.75,2,1.79,2.04,-0.75,1.9,1.95,1.88,1.97,1.9,1.95,1.83,1.84,1.83,1.96,1.48,4.33,6.25,1.5,4.2,6.5,1.52,4.35,5.6,1.5,4.2,6.5,1.5,4.2,6,1.5,4.33,6,1.5,4.2,6,1.56,4.24,6.27,1.52,4.35,7,1.5,4.23,6.1,1.53,4.6,7.2,1.88,1.98,1.86,2.03,1.91,2.06,1.8,1.94,1.93,2.04,-1,1.83,2.03,1.95,1.95,1.86,2.03,1.81,1.9,1.89,2.06
SC0,23/08/2025,15:00,Celtic,Livingston,3,0,H,0,0,D,K Clancy,19,6,9,2,12,8,10,4,0,1,0,0,1.14,7.5,17,1.14,8.5,17,1.12,9,17,1.11,8,15,1.15,8.5,15,1.15,8.5,15,1.15,8.5,15,1.13,8.9,15.76,1.15,9,19.5,1.13,8.19,15.78,1.17,9,19,1.33,3.4,1.31,3.37,1.33,3.4,1.3,3.28,1.34,3.5,-2.25,1.88,1.98,1.89,1.95,1.88,1.98,1.78,1.91,1.89,1.96,1.22,6,13,1.22,6.5,13,1.2,6.75,12,1.2,6.5,13,1.23,6.5,10.5,1.22,7,11,1.22,6.5,11,1.22,7.35,11.79,1.25,7,14,1.21,6.45,11.72,1.24,7.6,15.5,1.44,2.75,1.4,3.03,1.5,2.8,1.45,2.63,1.52,2.82,-1.75,1.85,2,1.78,2.12,1.85,2.02,1.78,1.93,1.91,2.07
SC0,23/08/2025,15:00,Hearts,Motherwell,3,3,D,0,1,A,J Beaton,19,9,9,3,14,19,9,3,3,2,0,0,1.62,3.9,5.25,1.62,4,5.5,1.54,4.3,5.5,1.57,3.8,5.25,1.58,4.1,5.25,1.6,4.2,5.25,1.6,4.2,5.25,1.63,3.88,5.41,1.62,4.3,5.5,1.58,4.03,5.31,1.63,3.9,6,1.93,1.93,1.96,1.89,1.93,1.98,1.83,1.91,1.97,1.88,-0.75,1.8,2.05,1.83,2.05,1.8,2.05,1.71,1.98,1.81,2.08,1.67,3.8,5,1.7,3.75,5,1.58,4.1,5.25,1.67,3.8,5,1.65,3.8,5,1.67,3.9,5,1.65,3.8,5,1.63,4.02,5.72,1.7,4.1,5.25,1.64,3.86,5.03,1.73,4,5.6,1.93,1.93,1.95,1.93,1.93,1.94,1.87,1.87,2,1.98,-0.75,1.9,1.95,1.8,2.11,1.9,1.98,1.77,1.9,1.93,2.02
SC0,23/08/2025,15:00,Kilmarnock,Dundee,0,0,D,0,0,D,R Lee,12,6,5,1,17,13,7,3,3,3,0,0,1.85,3.4,4.33,1.9,3.4,4.2,1.88,3.65,3.8,1.85,3.4,3.9,1.9,3.5,3.9,1.91,3.5,4,1.91,3.5,3.9,1.89,3.53,4.16,1.91,3.65,4.33,1.87,3.48,3.97,1.93,3.5,4.3,2,1.85,2,1.86,2,1.85,1.96,1.79,2.02,1.89,-0.5,1.88,1.98,1.91,1.96,1.9,1.98,1.85,1.88,1.93,1.98,1.9,3.4,4.2,1.95,3.4,4,1.88,3.65,3.8,1.9,3.5,4,1.85,3.5,4,1.91,3.6,4,1.85,3.5,4,1.87,3.66,4.39,1.95,3.65,4.2,1.88,3.51,3.96,1.97,3.7,4.5,2.03,1.83,1.98,1.91,2.03,1.83,1.95,1.8,2.06,1.91,-0.5,1.93,1.93,1.88,2.03,1.93,1.93,1.86,1.88,1.97,2.03
SC0,24/08/2025,12:00,St Mirren,Rangers,1,1,D,1,0,H,N Walsh,13,13,4,6,17,8,6,6,3,3,0,0,4.1,4.2,1.73,4.33,4,1.73,3.95,4.1,1.76,4.1,3.8,1.7,4.1,3.9,1.75,4.2,4,1.75,4.2,3.9,1.75,4.2,4.09,1.75,4.33,4.2,1.76,4.06,3.96,1.74,4.2,4.2,1.79,1.62,2.3,1.6,2.35,1.66,2.3,1.6,2.23,1.63,2.34,0.75,1.88,1.98,1.89,1.96,1.88,1.98,1.75,1.92,1.94,2,3.5,3.8,1.95,3.6,3.6,2,3.45,3.95,1.9,3.5,3.7,1.95,3.6,3.6,1.95,3.6,3.7,1.95,3.6,3.6,1.95,4.16,4.15,1.8,3.75,3.95,2,3.52,3.72,1.94,4,3.85,2,1.73,2.1,1.62,2.38,1.73,2.3,1.67,2.11,1.78,2.26,0.5,1.85,2,2.11,1.8,1.86,2,1.82,1.9,1.98,2.01
SC0,30/08/2025,15:00,Livingston,Hearts,1,2,A,1,0,H,D Nicolson,6,14,2,3,16,16,5,9,7,2,0,0,3.4,3.3,2.1,3.4,3.4,2.15,3.35,3.65,2.02,3.25,3.4,2.05,3.3,3.4,2.05,3.4,3.5,2.1,3.3,3.5,2.1,3.45,3.43,2.13,3.4,3.65,2.15,3.32,3.45,2.07,3.55,3.55,2.12,1.95,1.9,1.94,1.91,1.95,1.91,1.88,1.85,1.31,1.78,0.25,2,1.85,2.02,1.85,2,1.85,1.95,1.71,2.05,1.82,3.6,3.3,2.01,3.6,3.4,2.05,3.9,3.7,1.85,3.6,3.4,2.05,3.5,3.4,2,3.6,3.4,2.05,3.6,3.4,2.05,3.77,3.46,2.09,3.9,3.7,2.05,3.63,3.44,1.99,4,3.6,2.08,2.03,1.83,2.03,1.87,2.03,1.85,1.94,1.8,2.04,1.94,0.5,1.75,2.05,1.83,2.1,1.89,2.05,1.79,1.92,1.9,2.08
SC0,30/08/2025,15:00,Motherwell,Kilmarnock,2,2,D,1,1,D,D McFarlane,15,7,4,5,17,18,9,0,2,5,0,0,2.05,3.5,3.4,2.1,3.4,3.5,2.12,3.5,3.2,2.05,3.3,3.3,2.1,3.4,3.3,2.15,3.4,3.3,2.15,3.4,3.3,2.1,3.45,3.52,2.15,3.5,3.5,2.09,3.39,3.31,2.12,3.55,3.55,2,1.85,2.01,1.85,2,1.85,1.95,1.8,1.98,1.87,-0.25,1.83,2.03,1.83,2.06,1.83,2.03,1.76,1.93,1.85,2.07,1.82,3.6,3.9,1.9,3.5,4.2,1.9,3.6,3.75,1.87,3.5,4.1,1.93,3.4,3.75,1.95,3.5,3.8,1.95,3.5,3.8,1.93,3.65,4.11,1.96,3.6,4.2,1.9,3.49,3.88,1.95,3.7,4.5,1.98,1.88,1.98,1.91,2,1.88,1.93,1.81,2.08,1.88,-0.5,1.93,1.93,1.94,1.96,1.95,1.93,1.87,1.85,1.96,2.03
SC0,31/08/2025,12:00,Rangers,Celtic,0,0,D,0,0,D,D Robertson,4,5,0,2,17,17,8,1,3,0,0,0,3.4,4,1.91,3.5,4,1.95,3.5,4.1,1.87,3.3,3.8,1.9,3.3,3.9,1.95,3.4,4,1.95,3.3,3.9,1.95,3.55,3.94,1.93,3.6,4.1,1.95,3.41,3.92,1.91,3.75,4.1,2,1.44,2.75,1.45,2.72,1.5,2.75,1.46,2.58,1.5,2.78,0.5,1.9,1.95,1.91,1.94,1.9,1.95,1.84,1.87,1.98,2,4.5,4,1.62,4.33,4,1.73,3.7,4,1.83,4.1,4,1.75,4.1,3.9,1.75,4.2,4,1.75,4.2,4,1.75,3.72,3.89,1.96,4.5,4.1,1.83,4.1,3.95,1.75,4.7,4,1.85,1.57,2.38,1.52,2.6,1.57,2.48,1.53,2.38,1.64,2.5,0.75,1.98,1.88,1.72,2.23,1.98,2.02,1.76,1.94,1.92,2.06
SC0,31/08/2025,14:00,Dundee,Dundee United,0,2,A,0,1,A,S McLean,5,10,1,5,8,10,3,2,0,1,0,0,2.45,3.3,2.6,,,,2.55,3.3,2.7,2.55,3.25,2.55,2.55,3.1,2.7,2.6,3.2,2.75,2.6,3.2,2.75,2.67,3.18,2.79,2.66,3.3,2.75,2.56,3.2,2.66,2.7,3.25,2.78,2,1.85,1.99,1.85,2.02,1.85,1.95,1.79,2,1.84,0,1.9,1.95,1.88,1.97,1.9,1.95,1.85,1.89,,,3,3.3,2.25,,,,2.7,3.3,2.6,2.9,3.3,2.4,2.75,3.2,2.55,2.75,3.2,2.6,2.75,3.2,2.6,2.79,3.29,2.7,3,3.33,2.6,2.81,3.24,2.48,3.1,3.3,2.6,1.96,1.76,1.96,1.93,2.1,1.8,1.99,1.75,2.14,1.84,0.25,1.8,2.05,1.68,2.31,1.8,2.16,1.69,1.99,,
SC0,31/08/2025,15:00,Aberdeen,Falkirk,0,1,A,0,0,D,R Hardie,12,19,4,9,16,13,5,6,3,5,1,0,1.92,3.6,3.5,2,3.6,3.6,1.93,3.75,3.55,1.95,3.5,3.4,1.98,3.5,3.6,2.05,3.5,3.5,2.05,3.5,3.5,1.97,3.81,3.55,2.05,3.75,3.6,1.96,3.59,3.48,2.02,3.8,3.65,1.8,2,1.81,2.03,1.85,2,1.79,1.94,1.78,2.06,-0.5,2.03,1.83,1.98,1.88,2.03,1.83,1.94,1.79,2.03,1.92,2.15,3.5,3.1,2.3,3.4,3.1,2.1,3.65,3.2,2.2,3.5,3.1,2.1,3.4,3.25,2.15,3.5,3.3,2.15,3.5,3.25,2.05,3.8,3.53,2.3,3.65,3.3,2.15,3.49,3.16,2.28,3.65,3.3,1.83,2.03,1.82,2.07,1.84,2.03,1.79,1.94,1.89,2.1,-0.25,1.93,1.93,1.79,2.13,1.93,1.93,1.8,1.89,1.98,1.99
SC0,31/08/2025,15:00,Hibernian,St Mirren,1,1,D,0,0,D,M MacDermid,17,10,5,4,7,7,10,7,1,1,0,0,1.87,3.5,3.9,1.95,3.5,4,1.84,3.75,3.9,1.9,3.4,3.7,1.9,3.4,3.9,1.91,3.5,4,1.91,3.4,4,1.93,3.53,3.97,1.95,3.75,4,1.89,3.51,3.85,2.02,3.55,4,1.93,1.93,1.93,1.91,1.94,1.93,1.89,1.84,1.92,1.92,-0.5,1.95,1.9,1.94,1.91,1.95,1.91,1.86,1.86,2.02,1.96,1.91,3.5,3.9,1.95,3.5,4,1.84,3.75,3.9,1.95,3.5,3.75,1.95,3.4,3.75,1.95,3.5,3.8,1.95,3.4,3.8,1.96,3.53,4.15,2,3.75,4,1.91,3.52,3.83,2,3.65,4.2,1.98,1.88,2,1.89,1.98,1.91,1.91,1.83,2.02,1.94,-0.5,1.98,1.88,1.97,1.93,1.98,1.91,1.87,1.85,2.01,1.97
SC0,13/09/2025,15:00,Aberdeen,Livingston,0,0,D,0,0,D,N Walsh,16,6,2,2,14,17,6,6,4,3,0,0,1.96,3.8,3.4,2,3.5,3.75,1.91,3.75,3.65,1.95,3.4,3.5,2,3.5,3.5,2,3.6,3.5,2,3.5,3.5,2,3.65,3.59,2,3.8,3.75,1.97,3.56,3.55,2.08,3.7,3.75,1.95,1.9,1.95,1.89,1.95,2,1.85,1.89,1.94,1.91,-0.5,2,1.85,2.02,1.85,2,1.85,1.92,1.81,2.08,1.87,1.71,4,4.2,1.8,3.6,4.5,1.87,3.75,3.8,1.75,3.7,4.5,1.82,3.6,4.1,1.83,3.6,4.2,1.83,3.6,4.2,1.85,3.78,4.37,1.87,4,4.5,1.8,3.66,4.17,1.86,3.85,4.8,1.88,1.98,1.94,1.94,1.91,1.98,1.85,1.89,1.96,1.99,-0.5,1.73,2.08,1.85,2.06,1.85,2.08,1.78,1.96,1.86,2.13
SC0,13/09/2025,15:00,Dundee,Motherwell,1,1,D,0,1,A,C Scott,7,16,4,4,7,12,2,6,1,1,1,0,3.8,3.5,1.91,3.75,3.4,2,3.6,3.5,1.98,3.7,3.3,1.93,3.6,3.5,1.98,3.6,3.6,2,3.6,3.5,2,3.85,3.51,1.97,3.8,3.6,2,3.65,3.45,1.97,4.1,3.6,2.04,2,1.8,2.06,1.8,2.1,1.8,1.99,1.76,2.08,1.84,0.5,1.85,2,1.88,1.99,1.85,2,1.8,1.93,1.92,2.06,3.1,3.5,2.15,3.2,3.5,2.25,3.6,3.55,2,3.13,3.4,2.2,3.1,3.5,2.15,3.2,3.6,2.15,3.2,3.5,2.15,3.76,3.69,2.01,3.6,3.6,2.25,3.24,3.47,2.14,3.5,3.5,2.3,1.93,1.93,1.96,1.93,1.93,1.93,1.9,1.85,1.94,2,0.5,1.65,2.2,1.89,2.02,1.77,2.2,1.68,2.09,1.78,2.26
SC0,13/09/2025,15:00,Falkirk,St Mirren,1,2,A,0,0,D,D Nicolson,10,13,2,5,6,13,4,2,1,2,0,0,2.15,3.5,3.1,2.25,3.3,3.3,2.28,3.5,2.95,2.15,3.3,3.13,2.25,3.3,3,2.3,3.4,3.1,2.25,3.4,3,2.21,3.32,3.38,2.3,3.5,3.3,2.22,3.37,3.08,2.28,3.4,3.35,2,1.85,2.01,1.85,2,1.88,1.93,1.81,2,1.88,-0.25,1.9,1.95,1.91,1.96,1.95,1.95,1.89,1.83,1.95,1.94,2.2,3.6,3,2.3,3.4,3.1,2.25,3.5,3,2.3,3.4,3,2.2,3.4,3,2.25,3.5,3.1,2.25,3.4,3.1,2.31,3.45,3.21,2.3,3.6,3.2,2.25,3.43,3.04,2.36,3.5,3.3,1.85,2,1.93,1.95,1.91,2,1.85,1.88,1.95,2,-0.25,2,1.85,2,1.91,2,1.88,1.92,1.81,2.03,1.94
SC0,13/09/2025,15:00,Rangers,Hearts,0,2,A,0,1,A,S McLean,14,12,5,5,13,9,9,2,2,1,0,0,1.68,4.1,4.2,1.73,4,4.33,1.74,4,4.2,1.7,3.9,4.1,1.75,3.9,4.1,1.75,4,4.2,1.75,4,4.2,1.75,3.99,4.3,1.75,4.1,4.33,1.72,3.96,4.17,1.78,4.1,4.4,1.62,2.3,1.62,2.31,1.62,2.3,1.58,2.27,1.64,2.36,-0.75,1.98,1.88,1.99,1.88,1.98,1.88,1.9,1.82,2.05,1.93,1.79,4,3.8,1.73,4,4.33,1.68,4.2,4.4,1.75,4,4.1,1.8,3.9,3.9,1.8,3.9,4,1.75,4,4.2,1.82,4.01,4.21,1.83,4.2,4.4,1.75,3.97,4.14,1.85,4.1,4.5,1.62,2.3,1.64,2.35,1.62,2.35,1.58,2.28,1.67,2.42,-0.5,1.85,2,1.82,2.08,1.85,2.1,1.72,2.04,1.85,2.16
SC0,13/09/2025,17:45,Hibernian,Dundee United,3,3,D,1,2,A,D McFarlane,27,13,12,9,11,20,6,4,2,4,0,1,1.61,4.1,4.75,1.67,4,5,1.61,4.2,4.9,1.62,3.75,4.75,1.62,4,5,1.65,4,5,1.61,4,5,1.68,3.87,4.97,1.67,4.2,5,1.63,3.97,4.87,1.7,4.2,5.2,1.8,2,1.8,2.04,1.8,2.12,1.73,2.02,1.27,2.04,-0.75,1.88,1.98,1.89,1.98,1.88,1.98,1.79,1.94,1.85,2.01,1.68,4,4.5,1.7,3.75,5,1.71,3.95,4.4,1.7,3.8,4.75,1.68,3.8,4.75,1.7,3.9,4.8,1.67,3.8,4.8,1.74,3.91,4.85,1.73,4,5,1.69,3.84,4.67,1.74,4.1,5.4,1.8,2,1.81,2.08,1.8,2.08,1.74,2.02,1.84,2.16,-0.75,1.93,1.93,1.96,1.94,1.93,1.93,1.87,1.86,1.93,2.03
SC0,14/09/2025,15:00,Kilmarnock,Celtic,1,2,A,0,0,D,J Beaton,12,21,2,6,10,10,6,7,2,3,0,0,11,5.75,1.22,11,6,1.25,11,6.1,1.23,10,5.75,1.22,10.5,6,1.25,11,6,1.25,11,6,1.25,10.26,5.96,1.25,11,6.1,1.25,10.47,5.9,1.24,12,6.2,1.3,1.5,2.63,1.48,2.61,1.5,2.63,1.48,2.55,1.51,2.66,1.75,1.9,1.95,1.9,1.93,1.9,1.95,1.85,1.87,1.91,1.95,10,5.5,1.24,12,6,1.29,11,6,1.24,11,5.75,1.25,9.75,5.75,1.27,10,5.75,1.28,10,5.75,1.28,11.06,6.15,1.26,12,6,1.29,10.35,5.74,1.26,12.5,6.8,1.29,1.57,2.38,1.5,2.65,1.57,2.5,1.52,2.43,1.58,2.64,1.75,1.83,2.03,1.92,1.97,1.83,2.03,1.8,1.94,1.91,2.03
SC0,20/09/2025,15:00,Dundee,Livingston,3,2,H,1,0,H,R Hardie,11,10,4,6,10,12,8,3,1,3,0,0,2.57,3.7,2.4,2.75,3.3,2.6,2.65,3.3,2.5,2.7,3.2,2.45,2.7,3.2,2.55,2.7,3.3,2.6,2.7,3.25,2.6,2.74,3.44,2.54,2.75,3.7,2.6,2.68,3.3,2.51,2.78,3.45,2.56,2.05,1.8,2,1.86,2.05,1.8,2,1.75,2.02,1.83,0,2,1.85,2.01,1.86,2,1.85,1.93,1.81,2.02,1.86,3,3.4,2.3,3.1,3.2,2.4,2.8,3.25,2.48,3,3.25,2.38,2.95,3.2,2.37,3,3.25,2.4,3,3.2,2.4,2.91,3.29,2.59,3.1,3.4,2.5,2.92,3.24,2.39,3.1,3.55,2.46,2.1,1.73,2.35,1.65,2.1,1.8,2.08,1.69,2.22,1.77,0.25,1.8,2.05,1.73,2.22,1.8,2.15,1.72,1.97,1.87,2.11
SC0,23/09/2025,19:45,Dundee United,Aberdeen,2,0,H,1,0,H,S McLean,15,16,5,2,11,11,11,3,2,1,0,0,2.75,3.3,2.4,2.88,3.25,2.5,2.75,3.35,2.43,2.8,3.3,2.45,2.75,3.25,2.45,2.8,3.3,2.5,2.7,3.1,2.37,2.88,3.47,2.52,2.88,3.35,2.5,2.79,3.27,2.43,2.92,3.55,2.58,2,1.8,2.05,1.85,2,1.8,1.96,1.78,2.08,1.9,0,2.05,1.8,2.1,1.83,2.05,1.8,2.01,1.75,2.13,1.86,2.3,3.4,2.85,2.6,3.25,2.8,2.6,3.4,2.6,2.4,3.3,2.9,2.4,3.25,2.85,2.45,3.3,2.9,2.45,3.25,2.87,3.01,3.53,2.4,2.6,3.4,3,2.46,3.29,2.8,2.62,3.4,3,2.05,1.8,2.02,1.87,2.05,1.8,1.97,1.78,2.06,1.89,0,1.7,2.1,2.19,1.75,1.83,2.1,1.72,2.05,1.86,2.12
SC0,23/09/2025,19:45,Falkirk,Hibernian,2,2,D,1,2,A,C Scott,7,16,6,8,11,13,5,5,2,0,0,0,2.82,3.5,2.3,2.8,3.4,2.5,2.6,3.6,2.5,2.8,3.5,2.38,2.8,3.4,2.37,2.87,3.5,2.4,2.8,3.4,2.37,2.91,3.54,2.45,2.9,3.6,2.5,2.76,3.46,2.4,3.1,3.5,2.48,1.8,2,1.79,2.1,1.8,2.05,1.76,1.99,1.85,2.1,0.25,1.8,2.05,1.8,2.13,1.8,2.12,1.71,2,1.85,2.13,2.85,3.5,2.25,3,3.4,2.38,2.9,3.65,2.25,2.9,3.6,2.25,2.85,3.4,2.35,2.9,3.4,2.37,2.87,3.4,2.37,3.05,3.5,2.38,3,3.65,2.38,2.9,3.48,2.29,3.2,3.7,2.38,1.73,2.1,1.83,2.06,1.8,2.1,1.73,2.03,1.78,2.22,0.25,1.85,2,1.85,2.06,1.85,2,1.8,1.89,1.94,2.04
SC0,27/09/2025,15:00,Celtic,Hibernian,0,0,D,0,0,D,D Robertson,26,4,6,1,16,1,7,2,2,1,0,0,1.25,5.25,10,1.29,6,10,1.26,5.8,10,1.25,5.5,9.5,1.28,6,8.75,1.28,6,9,1.28,6,9,1.29,5.96,8.36,1.29,6,10,1.26,5.75,9.43,1.29,6.4,11.5,1.4,3,1.4,2.95,1.46,3,1.4,2.78,1.44,2.96,-1.75,1.98,1.88,1.95,1.9,1.98,1.88,1.88,1.83,2,1.87,1.33,4.75,8,1.33,5.5,8.5,1.3,5.6,8.5,1.33,5.25,8,1.32,5.5,7.75,1.33,5.75,8,1.33,5.75,8,1.25,6.67,10.85,1.35,5.75,8.5,1.32,5.4,7.97,1.36,5.8,10,1.44,2.75,1.38,3.09,1.44,2.8,1.42,2.73,1.47,3,-1.5,1.98,1.88,1.64,2.35,1.98,1.91,1.85,1.87,1.99,1.98
SC0,27/09/2025,15:00,Dundee United,Kilmarnock,0,2,A,0,1,A,R Hardie,18,17,7,7,8,12,9,6,4,2,0,0,2.1,3.5,3.2,2.15,3.3,3.5,1.98,3.5,3.6,2.1,3.25,3.25,2.05,3.5,3.3,2.1,3.5,3.3,2.1,3.5,3.3,2.14,3.49,3.36,2.2,3.5,3.6,2.08,3.4,3.36,2.16,3.55,3.5,2.05,1.8,2.02,1.84,2.05,1.95,1.94,1.8,1.99,1.74,-0.25,1.88,1.98,1.87,2,1.88,2.04,1.76,1.97,1.86,2.04,1.81,3.75,3.8,1.83,3.75,4.2,1.83,3.75,4,1.8,3.7,4.2,1.8,3.7,4,1.83,3.75,4.2,1.83,3.7,4,1.87,3.68,4.39,1.86,3.75,4.2,1.82,3.68,4.05,1.89,3.9,4.6,1.83,2.03,1.99,1.9,1.9,2.05,1.81,1.93,1.9,2.04,-0.5,1.85,2,1.88,2.04,1.85,2,1.79,1.95,1.88,2.11
SC0,27/09/2025,15:00,Hearts,Falkirk,3,0,H,2,0,H,L Wilson,20,10,10,3,7,11,9,5,0,1,0,0,1.56,4.2,5,1.62,4,5.5,1.6,4.1,5.1,1.55,3.9,5.25,1.65,3.9,4.8,1.67,4,5,1.65,3.9,4.8,1.6,4.27,5.15,1.67,4.2,5.5,1.6,4.01,5.07,1.64,4.2,5.7,1.73,2.1,1.71,2.19,1.73,2.12,1.7,2.07,1.73,2.18,-1,2.03,1.83,2.03,1.85,2.03,1.83,1.97,1.77,2.05,1.86,1.46,4.5,5.5,1.5,4.33,6.5,1.48,4.5,6,1.5,4.33,6,1.52,4.33,5.5,1.53,4.4,5.75,1.53,4.33,5.75,1.53,4.59,6.04,1.53,4.5,6.5,1.49,4.39,5.9,1.53,4.9,6.8,1.67,2.2,1.7,2.24,1.67,2.25,1.64,2.16,1.69,2.32,-1,1.88,1.98,1.88,2.03,1.88,2,1.78,1.97,1.84,2.12
SC0,27/09/2025,15:00,St Mirren,Dundee,1,0,H,1,0,H,M MacDermid,10,11,4,4,12,7,5,5,3,2,0,0,1.53,4,5.5,1.62,4,5.5,1.6,3.95,5.4,1.55,3.8,5.5,1.58,4,5.25,1.6,4,5.25,1.6,4,5.25,1.58,4.04,5.72,1.62,4,5.6,1.58,3.92,5.42,1.67,4,5.7,1.88,1.98,1.88,1.98,1.95,1.98,1.86,1.87,1.86,1.99,-1,2.05,1.8,2.03,1.85,2.05,1.8,1.98,1.76,2.11,1.8,1.51,4.1,5.5,1.57,4,6,1.53,4.3,5.6,1.57,4,5.5,1.6,4,5,1.61,4,5.25,1.61,4,5.25,1.62,4.06,5.79,1.61,4.3,6,1.56,4.05,5.47,1.63,4.2,6.2,1.83,2.03,1.88,2,1.83,2.08,1.77,1.98,1.88,2.1,-1,2.03,1.83,2.09,1.83,2.03,1.87,1.92,1.82,2.05,1.9
SC0,27/09/2025,17:45,Motherwell,Aberdeen,2,0,H,0,0,D,R Lee,10,10,3,4,10,18,3,4,0,3,0,0,2.1,3.5,3.25,2.2,3.4,3.3,2.1,3.5,3.3,2.1,3.3,3.2,2.15,3.4,3.2,2.2,3.5,3.2,2.15,3.4,3.2,2.13,3.63,3.27,2.2,3.6,3.3,2.14,3.43,3.2,2.22,3.65,3.45,1.93,1.93,1.9,1.95,1.93,1.93,1.88,1.86,1.92,1.93,-0.25,1.88,1.98,1.87,2,1.88,1.98,1.81,1.91,1.92,2.05,2.01,3.7,3.3,2.1,3.5,3.4,2.04,3.65,3.35,2.05,3.6,3.3,2.05,3.6,3.2,2.05,3.75,3.25,2.05,3.75,3.25,2.12,3.77,3.36,2.1,3.75,3.45,2.05,3.6,3.3,2.14,3.85,3.55,1.73,2.1,1.75,2.16,1.73,2.1,1.69,2.07,1.8,2.2,-0.25,1.83,2.03,1.86,2.05,1.83,2.03,1.76,1.97,1.88,2.11
SC0,28/09/2025,15:00,Livingston,Rangers,1,2,A,0,1,A,J Beaton,9,15,3,7,18,11,4,8,4,1,0,0,4.75,3.9,1.66,4.6,4,1.7,4.7,4.1,1.64,4.5,3.8,1.65,4.5,3.9,1.68,4.6,4,1.7,4.5,4,1.7,4.74,4.11,1.67,4.75,4.2,1.7,4.58,3.94,1.66,4.7,4,1.76,1.73,2.1,1.68,2.2,1.73,2.16,1.68,2.09,1.73,2.16,0.75,1.93,1.93,2,1.86,1.94,1.93,1.91,1.82,1.95,1.95,6,4.33,1.46,6,4.2,1.53,5.6,4.3,1.53,6,4.33,1.5,5.5,4.2,1.53,5.5,4.33,1.55,5.5,4.33,1.55,5.1,4.27,1.65,6,4.33,1.55,5.67,4.27,1.52,6.6,4.6,1.57,1.67,2.2,1.7,2.24,1.67,2.2,1.65,2.15,1.74,2.28,1,1.98,1.88,1.8,2.12,1.98,1.91,1.9,1.83,2.02,1.92
SC0,04/10/2025,15:00,Dundee United,Livingston,1,1,D,0,1,A,D Nicolson,19,7,6,4,16,11,4,5,1,1,0,0,1.91,3.5,3.8,1.95,3.5,4,1.92,3.65,3.7,1.91,3.5,3.6,1.95,3.4,3.7,1.95,3.5,3.8,1.95,3.5,3.75,1.96,3.71,3.66,2,3.65,4,1.93,3.52,3.7,1.98,3.75,4.2,1.93,1.93,1.89,1.95,1.93,1.93,1.85,1.88,1.9,1.94,-0.5,1.98,1.88,1.98,1.88,1.98,1.88,1.9,1.83,1.98,2,1.71,3.75,4.33,1.8,3.6,4.5,1.8,3.8,4.1,1.75,3.75,4.4,1.78,3.7,4.2,1.8,3.75,4.2,1.8,3.7,4.2,1.95,3.72,3.93,1.8,3.8,4.5,1.77,3.7,4.26,1.82,4.1,4.8,1.85,2,1.99,1.9,1.85,2,1.8,1.93,1.88,2.08,-0.75,2.03,1.83,2.26,1.7,2.03,1.83,1.96,1.77,2.07,1.92
SC0,04/10/2025,15:00,Kilmarnock,St Mirren,2,0,H,2,0,H,N Walsh,9,7,5,0,8,21,4,9,1,2,0,0,2.75,3.2,2.5,2.8,3.2,2.6,2.75,3.35,2.5,2.7,3.2,2.45,2.7,3.2,2.55,2.75,3.25,2.6,2.75,3.2,2.5,2.85,3.22,2.58,2.83,3.35,2.6,2.74,3.22,2.52,2.9,3.25,2.7,2.1,1.73,2.05,1.79,2.1,1.78,2.01,1.75,2.06,1.8,0,2.03,1.83,2.04,1.84,2.03,1.85,1.94,1.79,2.03,1.9,2.7,3.25,2.57,2.8,3.25,2.6,2.75,3.35,2.48,2.63,3.3,2.6,2.75,3.25,2.5,2.8,3.3,2.5,2.8,3.25,2.5,2.97,3.32,2.53,2.8,3.35,2.63,2.72,3.26,2.54,2.82,3.3,2.86,2.03,1.83,2.05,1.85,2.03,1.83,1.97,1.78,2.06,1.93,0,1.98,1.88,2.13,1.81,1.98,1.88,1.9,1.83,1.96,2
SC0,04/10/2025,17:45,Hearts,Hibernian,1,0,H,0,0,D,D Dickinson,11,5,3,1,10,10,4,2,2,1,0,0,1.76,3.75,4,1.83,3.75,4.2,1.87,3.7,3.9,1.8,3.6,3.9,1.82,3.6,4.1,1.83,3.6,4.2,1.83,3.6,4.2,1.79,3.77,4.33,1.87,3.75,4.25,1.82,3.64,4.05,1.92,3.85,4.4,1.8,2,1.74,2.14,1.84,2.08,1.77,1.97,1.76,2.06,-0.5,1.83,2.03,1.81,2.06,1.85,2.03,1.8,1.93,1.92,2.05,1.76,3.7,4.1,1.83,3.75,4.2,1.81,3.8,4,1.83,3.7,4,1.83,3.6,4,1.85,3.6,4.2,1.83,3.6,4,1.91,3.67,4.19,1.85,3.8,4.2,1.82,3.65,4.08,1.88,3.85,4.6,1.83,2.03,1.87,2.02,1.83,2.03,1.78,1.97,1.89,2.1,-0.5,1.83,2.03,1.92,1.99,1.83,2.03,1.79,1.94,1.88,2.11
SC0,05/10/2025,15:00,Aberdeen,Dundee,4,0,H,3,0,H,D Robertson,20,8,9,2,16,7,11,2,1,0,0,0,1.71,3.7,4.33,1.73,3.75,4.6,1.65,3.95,4.9,1.7,3.6,4.5,1.75,3.7,4.4,1.75,3.75,4.5,1.75,3.7,4.4,1.78,3.73,4.47,1.78,3.95,4.9,1.71,3.72,4.54,1.83,3.6,4.4,1.95,1.9,1.93,1.9,1.95,1.91,1.9,1.85,1.94,1.87,-0.75,2.03,1.83,2.02,1.84,2.03,1.92,1.87,1.85,2.07,1.79,1.46,4.2,6,1.57,4,6,1.61,4.1,5,1.53,4.1,6,1.6,4,5.25,1.61,4,5.25,1.6,4,5.25,1.79,3.88,4.55,1.61,4.2,6,1.56,4.05,5.56,1.6,4.5,6.4,1.9,1.95,1.9,1.99,1.9,2,1.81,1.92,1.88,2.08,-1,1.88,1.98,2.42,1.62,2,1.98,1.92,1.81,1.98,1.95
SC0,05/10/2025,15:00,Celtic,Motherwell,3,2,H,1,1,D,C Scott,16,5,9,3,17,11,10,0,2,0,0,0,1.17,8,10,1.2,7,13,1.18,7,13,1.17,6.5,13,1.2,7.25,11.5,1.2,7.5,12,1.2,7.5,11,1.19,7.41,11.56,1.2,8,13,1.19,6.97,12.21,1.22,7.4,14,1.4,3,1.39,2.95,1.4,3.05,1.37,2.93,1.45,2.96,-2,1.98,1.88,1.93,1.9,1.98,1.97,1.84,1.9,1.94,1.85,1.17,8,9.5,1.2,7,13,1.21,6.75,11.5,1.18,7,13,1.2,7.25,11,1.2,7.5,11,1.2,7.5,11,1.2,7.48,12.7,1.21,8,13,1.19,6.99,11.72,1.22,8.4,14.5,1.36,3.2,1.38,3.09,1.4,3.2,1.37,2.96,1.43,3.2,-2,1.93,1.93,1.95,1.93,1.95,1.93,1.88,1.85,1.96,1.89
SC0,05/10/2025,15:00,Falkirk,Rangers,1,1,D,0,1,A,M MacDermid,16,11,4,2,15,16,7,6,1,4,0,0,4.2,4,1.71,4.33,4,1.73,3.95,4.35,1.72,4.2,3.8,1.7,4,3.8,1.78,4,3.9,1.8,4,3.9,1.8,3.8,4.38,1.78,4.33,4.35,1.8,4.04,4.01,1.74,4.4,4.3,1.77,1.62,2.3,1.61,2.35,1.62,2.3,1.59,2.25,1.61,2.42,0.75,1.85,2,1.85,2,1.85,2,1.82,1.9,1.92,1.96,5,4.2,1.57,5,4.2,1.62,4.35,4.4,1.64,5.25,4.2,1.57,4.4,4,1.68,4.5,4,1.7,4.4,4,1.7,4.47,4.47,1.7,5.25,4.4,1.7,4.73,4.2,1.62,5.6,4.6,1.65,1.62,2.3,1.61,2.41,1.62,2.33,1.59,2.26,1.64,2.46,1,1.83,2.03,1.74,2.2,1.83,2.03,1.76,1.99,1.87,2.05
SC0,18/10/2025,15:00,Hibernian,Livingston,4,0,H,1,0,H,R Lee,23,8,12,2,11,14,7,10,1,2,0,0,1.49,4.33,5.5,1.53,4.2,6,1.55,4.25,5.5,1.5,4,5.75,1.53,4.33,5.25,1.55,4.4,5.5,1.53,4.4,5.5,1.52,4.42,5.78,1.55,4.4,6,1.52,4.24,5.6,1.55,3.9,5.3,1.73,2.1,1.7,2.17,1.73,2.12,1.69,2.08,1.77,2.16,-1,1.88,1.98,1.88,1.98,1.9,1.98,1.86,1.87,1.8,1.85,1.49,4.33,5.75,1.53,4.2,6,1.55,4.25,5.5,1.5,4.2,6,1.53,4.4,5.25,1.53,4.5,5.5,1.53,4.4,5.5,1.56,4.41,5.89,1.55,4.5,6,1.52,4.25,5.68,1.56,4.5,7,1.73,2.1,1.74,2.19,1.75,2.1,1.71,2.05,1.83,2.16,-1,1.88,1.98,1.94,1.96,1.88,1.98,1.85,1.88,1.92,2.05
SC0,18/10/2025,15:00,Motherwell,Falkirk,1,2,A,1,0,H,S McLean,15,9,5,5,14,19,6,4,1,5,0,0,1.86,3.7,3.75,1.95,3.6,3.75,2,3.65,3.4,1.87,3.6,3.6,1.98,3.6,3.4,2,3.7,3.5,2,3.6,3.5,1.9,3.83,3.77,2,3.8,3.8,1.94,3.63,3.57,1.96,3.8,3.95,1.73,2.1,1.72,2.16,1.73,2.1,1.71,2.05,1.25,2.12,-0.5,1.93,1.93,1.92,1.95,1.96,1.93,1.9,1.82,1.96,1.98,1.76,3.9,4.1,1.9,3.75,3.75,1.88,3.65,3.8,1.8,3.8,4.1,1.87,3.7,3.7,1.91,3.8,3.75,1.91,3.75,3.75,1.91,3.95,3.88,1.91,4,4.1,1.84,3.78,3.85,1.89,4.1,4.2,1.67,2.2,1.72,2.22,1.71,2.2,1.67,2.11,1.73,2.3,-0.5,1.78,2.03,1.92,1.99,1.84,2.03,1.8,1.93,1.89,2.11
SC0,18/10/2025,15:00,Rangers,Dundee United,2,2,D,1,0,H,D Robertson,29,10,8,4,12,14,7,2,0,4,0,0,1.37,5.75,5.5,1.4,5,7,1.36,5,7.5,1.36,4.75,7,1.38,5,7,1.4,5,7.5,1.4,5,7,1.42,5.55,5.85,1.45,5.75,7.5,1.39,5.01,6.78,1.4,5.5,5.2,1.53,2.5,1.54,2.53,1.57,2.5,1.53,2.4,1.58,1.26,-1.25,1.88,1.98,1.89,1.98,1.9,1.98,1.8,1.92,1.4,1.88,1.39,5.75,5.25,1.36,5,7,1.36,5,7.5,1.4,4.8,7,1.39,5,6.75,1.4,5,7,1.4,5,7,1.41,5.65,6.55,1.43,5.75,7.5,1.38,5.02,6.88,1.44,5.6,7.8,1.53,2.5,1.54,2.58,1.55,2.5,1.52,2.4,1.56,2.66,-1.25,1.93,1.93,1.87,2.04,1.93,1.95,1.8,1.92,1.88,2.04
SC0,18/10/2025,15:00,St Mirren,Aberdeen,0,1,A,0,0,D,L Wilson,9,17,1,4,11,13,5,2,2,4,0,0,2.32,3.25,2.85,2.5,3.25,2.88,2.45,3.45,2.75,2.38,3.2,2.8,2.4,3.4,2.75,2.45,3.4,2.8,2.45,3.4,2.75,2.45,3.29,2.96,2.5,3.45,2.9,2.42,3.31,2.81,2.48,3.45,3.1,2.1,1.73,2.07,1.79,2.1,1.81,1.99,1.76,1.36,1.26,-0.25,2.1,1.78,2.12,1.78,2.1,1.78,2.04,1.7,2.12,1.85,2.3,3.2,2.95,2.4,3.25,3,2.45,3.45,2.75,2.38,3.2,3,2.3,3.3,2.95,2.3,3.4,3,2.3,3.4,3,2.36,3.41,3.16,2.45,3.45,3.1,2.36,3.27,2.95,2.54,3.4,3.15,2.1,1.73,2.06,1.84,2.1,1.81,2.03,1.73,2.22,1.77,-0.25,2.05,1.8,2.04,1.87,2.07,1.8,2.02,1.72,2.16,1.83
SC0,18/10/2025,17:45,Kilmarnock,Hearts,0,3,A,0,1,A,R Hardie,7,19,2,5,16,12,4,5,2,2,0,0,4.2,3.6,1.79,4.33,3.6,1.83,4.1,3.65,1.83,4,3.5,1.8,4.2,3.6,1.8,4.2,3.7,1.83,4.2,3.6,1.8,4.38,3.63,1.82,4.33,3.75,1.85,4.16,3.6,1.81,4.4,3.55,1.89,1.93,1.93,1.93,1.93,1.93,1.93,1.89,1.84,1.79,1.91,0.5,2.03,1.83,2.04,1.83,2.03,1.83,1.96,1.78,2.02,1.89,4.5,3.6,1.71,4.33,3.6,1.83,4.1,3.7,1.81,4.6,3.6,1.75,4.1,3.6,1.82,4,3.7,1.85,4,3.6,1.85,4.57,3.66,1.84,4.75,3.7,1.85,4.31,3.59,1.79,4.9,3.9,1.82,2.03,1.83,1.93,1.95,2.03,1.91,1.92,1.82,2.02,1.95,0.5,2.05,1.75,2.07,1.85,2.05,1.83,1.97,1.76,2.2,1.82
SC0,19/10/2025,12:00,Dundee,Celtic,2,0,H,2,0,H,M MacDermid,10,23,2,3,6,12,2,12,2,2,0,0,10,6.5,1.19,12,6.5,1.22,11.5,6.75,1.21,11,6,1.2,10,6.25,1.24,11,6.5,1.25,10,6.5,1.25,11.81,6.48,1.22,12,6.75,1.25,10.81,6.32,1.22,12.5,6.8,1.27,1.44,2.75,1.44,2.75,1.45,2.75,1.43,2.68,1.39,2.76,1.75,1.98,1.88,1.99,1.85,2,1.88,1.94,1.78,1.93,1.78,12,7.5,1.15,15,7.5,1.17,13,7,1.18,15,7.5,1.15,11.5,7.25,1.19,12,7.5,1.2,12,7.5,1.2,14.72,7.43,1.19,15,7.5,1.2,13.25,7.16,1.17,18,9,1.19,1.4,3,1.41,2.95,1.42,3,1.4,2.81,1.45,3.15,2,2,1.85,1.92,1.97,2,1.86,1.89,1.84,2.09,1.88
SC0,25/10/2025,15:00,Dundee United,St Mirren,3,1,H,1,1,D,J Beaton,13,23,5,3,7,10,4,12,1,1,0,1,2.25,3.5,2.85,2.38,3.4,3.1,2.23,3.55,3.05,2.25,3.3,2.9,2.3,3.4,2.9,2.3,3.5,2.9,2.3,3.5,2.9,2.31,3.53,2.99,2.38,3.55,3.1,2.27,3.42,2.96,2.36,3.35,3.1,1.98,1.88,1.91,1.93,1.98,1.91,1.88,1.85,1.97,1.9,-0.25,2,1.85,2.01,1.85,2,1.85,1.92,1.8,2.06,1.84,2.2,3.5,2.95,2.38,3.4,3.1,2.25,3.55,3,2.25,3.4,3.1,2.2,3.4,3,2.25,3.5,3.1,2.25,3.5,3,2.31,3.53,2.99,2.38,3.55,3.1,2.26,3.42,3.03,2.38,3.45,3.4,1.93,1.93,1.91,1.93,1.93,1.93,1.88,1.85,1.99,1.95,-0.25,1.98,1.88,2.01,1.85,1.98,1.88,1.91,1.81,2.03,1.94
SC0,25/10/2025,15:00,Falkirk,Dundee,2,1,H,0,1,A,R Hardie,12,13,5,3,11,12,5,3,2,2,0,0,1.62,3.9,4.75,1.7,4,5,1.7,3.85,4.7,1.65,3.75,4.6,1.66,3.9,4.6,1.67,4,4.8,1.67,4,4.6,1.65,3.99,5,1.7,4,5,1.67,3.88,4.7,1.72,3.9,5.1,1.8,2,1.77,2.07,1.81,2,1.78,1.97,1.8,2.08,-0.75,1.88,1.98,1.85,2.01,1.88,1.98,1.83,1.89,1.9,1.91,1.81,3.7,3.8,1.91,3.75,4,1.91,3.65,3.75,1.85,3.7,3.9,1.83,3.8,3.8,1.85,3.9,3.9,1.85,3.8,3.8,1.65,3.99,5,1.91,3.9,4.1,1.86,3.68,3.88,1.91,3.85,4.5,1.8,2,1.77,2.07,1.8,2,1.76,1.97,1.81,2.16,-0.5,1.85,2,1.65,2.28,1.87,2,1.83,1.89,1.91,2.08
SC0,25/10/2025,15:00,Livingston,Motherwell,1,2,A,1,0,H,N Walsh,11,15,4,2,18,11,0,3,2,2,0,0,3.3,3.5,2.01,3.5,3.6,2.1,3.35,3.55,2.06,3.25,3.4,2.05,3.3,3.4,2.05,3.4,3.5,2.1,3.4,3.5,2.05,3.05,3.44,2.32,3.5,3.6,2.14,3.36,3.47,2.06,3.6,3.55,2.14,1.83,2.03,1.88,1.96,1.83,2.03,1.79,1.95,1.83,1.98,0.25,2.03,1.83,1.85,2.01,2.03,1.83,1.97,1.72,2.09,1.85,2.95,3.5,2.15,3.1,3.5,2.3,3.35,3.55,2.06,3,3.5,2.25,3.1,3.4,2.2,3.1,3.5,2.2,3.1,3.5,2.2,3.05,3.44,2.32,3.35,3.55,2.3,3.1,3.45,2.2,3.3,3.65,2.34,1.83,2.03,1.88,1.96,1.83,2.03,1.79,1.95,1.86,2.12,0.25,1.88,1.98,1.85,2.01,1.97,1.98,1.88,1.8,1.96,2.02
SC0,26/10/2025,12:00,Hearts,Celtic,3,1,H,1,1,D,S McLean,12,8,7,2,11,10,5,9,4,1,0,0,3.25,3.6,2.05,3.4,3.6,2.15,3.2,3.7,2.08,3.13,3.5,2.05,3.2,3.5,2.1,3.2,3.6,2.15,3.2,3.6,2.1,3.19,3.7,2.14,3.4,3.7,2.15,3.19,3.58,2.1,3.3,3.85,2.22,1.73,2.1,1.78,2.06,1.8,2.1,1.72,2.03,1.67,1.37,0.25,1.98,1.88,1.97,1.88,1.98,1.88,1.92,1.76,2.02,1.93,3.05,3.6,2.1,3.1,3.6,2.2,3,3.75,2.18,3.1,3.6,2.15,3,3.6,2.15,3.1,3.7,2.2,3,3.6,2.15,3.19,3.7,2.14,3.14,3.75,2.24,3.06,3.59,2.16,3.25,3.75,2.3,1.73,2.1,1.78,2.06,1.73,2.15,1.67,2.11,1.77,2.24,0.25,1.93,1.93,1.97,1.88,1.93,1.93,1.86,1.82,1.97,2.01
SC0,26/10/2025,14:30,Aberdeen,Hibernian,1,2,A,0,1,A,D Robertson,16,19,5,6,13,11,6,3,0,2,0,0,2.5,3.5,2.55,2.63,3.4,2.75,2.45,3.45,2.75,2.55,3.3,2.55,2.5,3.3,2.7,2.5,3.4,2.75,2.5,3.3,2.7,2.6,3.23,2.82,2.7,3.5,2.75,2.56,3.32,2.65,2.76,3.45,2.46,1.93,1.93,1.95,1.88,1.93,1.93,1.87,1.86,1.05,1.25,0,1.93,1.93,1.85,2.01,1.95,1.93,1.87,1.86,2,1.86,2.55,3.5,2.5,2.8,3.4,2.6,2.65,3.5,2.5,2.63,3.4,2.55,2.6,3.3,2.55,2.62,3.4,2.6,2.62,3.3,2.6,2.6,3.23,2.82,2.8,3.5,2.6,2.67,3.35,2.53,2.8,3.5,2.74,1.85,2,1.95,1.88,1.91,2,1.85,1.88,1.94,2.02,0,1.95,1.9,1.85,2.01,1.95,1.9,1.91,1.82,2.01,1.96
SC0,26/10/2025,15:00,Rangers,Kilmarnock,3,1,H,1,1,D,K Clancy,13,7,6,3,9,13,9,2,1,2,0,0,1.3,5.5,7.5,1.33,5.5,9,1.3,5.5,9,1.3,5,8.5,1.34,5,8,1.35,5.25,8,1.35,5.25,8,1.34,5.35,7.98,1.35,5.5,9,1.32,5.22,8.21,1.36,5.3,9,1.57,2.38,1.56,2.43,1.57,2.5,1.54,2.37,1.56,2.5,-1.5,2,1.85,1.98,1.87,2,1.92,1.88,1.84,1.82,1.71,1.3,5.5,8,1.33,5.5,9.5,1.33,5.2,8,1.3,5.5,9,1.33,5.25,8.25,1.33,5.25,8.5,1.33,5.25,8.5,1.34,5.35,7.98,1.33,5.6,10,1.31,5.33,8.73,1.33,6.2,10.5,1.53,2.5,1.56,2.43,1.58,2.5,1.53,2.39,1.58,2.66,-1.5,1.9,1.95,1.98,1.87,1.91,1.95,1.86,1.86,1.91,2.07
SC0,29/10/2025,19:45,Celtic,Falkirk,4,0,H,2,0,H,R Lee,26,8,11,4,14,12,6,3,1,2,0,0,1.13,8,13,1.17,8,17,1.18,7.5,13,1.13,7.5,15,1.16,7.75,15,1.17,8,15,1.17,8,15,,,,1.18,8.5,17,1.15,7.66,14.47,1.19,8.6,17.5,1.33,3.4,,,1.37,3.4,1.33,3.14,1.36,3.4,-2.25,1.98,1.88,,,1.98,1.88,1.94,1.78,1.99,1.87,1.13,8,12,1.18,8,15,1.21,7,11.5,1.14,8,15,1.18,7.25,13.5,1.18,7.5,13,1.18,7.5,13,,,,1.21,8.5,16.5,1.17,7.45,13.13,1.19,9.4,18,1.3,3.5,,,1.33,3.5,1.31,3.25,1.35,3.75,-2,1.7,2.1,,,1.85,2.1,1.76,1.98,1.79,2.16
SC0,29/10/2025,19:45,Hibernian,Rangers,0,1,A,0,1,A,J Beaton,7,7,4,3,14,16,5,4,2,3,0,0,2.75,3.7,2.25,3,3.5,2.38,2.9,3.7,2.2,2.75,3.4,2.3,2.8,3.5,2.3,2.8,3.6,2.37,2.8,3.6,2.3,,,,3,3.7,2.38,2.82,3.56,2.29,3.05,3.7,2.42,1.73,2.1,,,1.73,2.17,1.69,2.09,1.77,2.14,0.25,1.8,2.05,,,1.83,2.05,1.79,1.89,1.89,2.09,2.65,3.5,2.45,2.88,3.5,2.5,2.7,3.7,2.35,2.7,3.5,2.45,2.6,3.6,2.45,2.62,3.7,2.45,2.62,3.6,2.45,,,,2.88,3.7,2.6,2.66,3.55,2.44,2.88,3.75,2.54,1.73,2.1,,,1.73,2.16,1.68,2.1,1.79,2.22,0,2,1.85,,,2,1.85,1.92,1.81,2.11,1.88
SC0,29/10/2025,19:45,Kilmarnock,Aberdeen,0,1,A,0,1,A,D Nicolson,14,6,4,3,12,17,7,2,4,6,0,0,2.65,3.3,2.5,2.8,3.4,2.6,2.85,3.4,2.38,2.63,3.25,2.5,2.7,3.3,2.5,2.75,3.4,2.5,2.7,3.4,2.5,,,,2.85,3.4,2.6,2.73,3.33,2.48,2.82,3.4,2.76,2.03,1.83,,,2.03,1.83,1.95,1.79,1.67,1.65,0,1.98,1.88,,,1.98,1.88,1.92,1.81,2.01,1.98,2.57,3.3,2.5,2.8,3.3,2.63,2.63,3.4,2.6,2.63,3.3,2.6,2.65,3.4,2.5,2.7,3.4,2.5,2.7,3.4,2.5,,,,2.8,3.4,2.63,2.68,3.31,2.55,2.84,3.5,2.74,2,1.85,,,2,1.85,1.95,1.79,2.04,1.92,0,1.98,1.88,,,1.98,1.88,1.91,1.82,2.02,1.97
SC0,29/10/2025,19:45,Motherwell,Dundee United,2,0,H,1,0,H,C Graham,10,9,5,1,9,21,4,2,1,2,0,0,1.91,3.8,3.4,2.05,3.6,3.6,2.15,3.55,3.15,1.95,3.5,3.4,2,3.6,3.3,1.95,3.4,3.2,1.95,3.4,3.2,,,,2.15,3.8,3.6,2,3.54,3.38,2.06,3.7,3.65,1.8,2,,,1.81,2.05,1.76,1.99,1.64,2.14,-0.25,1.75,2.05,,,1.83,2.05,1.75,1.97,1.79,2.14,1.96,4,3.25,2.05,3.75,3.5,2.08,3.7,3.15,2,3.7,3.4,2.05,3.7,3.2,2,3.5,3,2,3.5,3,,,,2.08,4,3.5,2.02,3.64,3.29,2.1,3.9,3.7,1.62,2.3,,,1.67,2.3,1.64,2.17,1.75,2.28,-0.5,2.03,1.83,,,2.03,1.83,1.98,1.75,2.1,1.89
SC0,29/10/2025,19:45,St Mirren,Hearts,2,2,D,1,1,D,M MacDermid,12,20,6,8,9,11,6,7,2,2,0,0,4.1,3.6,1.79,4.33,3.6,1.83,3.85,3.65,1.88,4.1,3.4,1.8,4,3.6,1.82,4.2,3.7,1.85,4,3.7,1.83,,,,4.33,3.75,1.88,4.03,3.6,1.83,4.4,3.85,1.87,1.95,1.9,,,1.95,1.91,1.89,1.84,1.98,1.92,0.5,2,1.85,,,2,1.85,1.91,1.8,2.13,1.87,3.7,3.5,1.91,3.75,3.6,2,3.9,3.65,1.87,3.7,3.5,1.95,3.5,3.5,1.98,3.6,3.6,2,3.6,3.5,2,,,,3.9,3.65,2,3.72,3.53,1.94,4.2,3.7,2,1.88,1.98,,,1.93,1.98,1.85,1.88,1.95,2.02,0.5,1.85,2,,,1.9,2,1.83,1.89,1.97,2
SC0,01/11/2025,15:00,Falkirk,Kilmarnock,3,1,H,3,0,H,D Dickinson,12,9,7,5,15,14,2,6,0,1,0,0,2.01,3.6,3.25,2.1,3.6,3.5,2,3.65,3.45,2,3.5,3.2,2.05,3.6,3.2,2.1,3.6,3.25,2.1,3.6,3.25,,,,2.1,3.65,3.6,2.04,3.57,3.32,2.2,3.5,3.5,1.83,2.03,,,1.83,2.03,1.77,1.97,1.87,1.99,-0.5,2.05,1.75,,,2.05,1.83,1.99,1.74,2.2,1.79,2.01,3.6,3.3,2.15,3.5,3.5,1.98,3.6,3.45,2,3.5,3.5,2.05,3.4,3.4,2.05,3.5,3.5,2.05,3.5,3.4,,,,2.16,3.6,3.7,2.03,3.51,3.43,2.14,3.65,3.7,1.85,2,,,1.85,2,1.8,1.94,1.85,2.16,-0.25,1.83,2.03,,,1.83,2.03,1.72,2.01,1.86,2.13
SC0,01/11/2025,15:00,Hearts,Dundee,4,0,H,2,0,H,K Clancy,17,5,10,0,8,17,6,2,0,2,0,0,1.25,5.25,10,1.29,6,11,1.28,5.4,10,1.25,5.25,10,1.29,5.5,9,1.3,5.75,9.5,1.3,5.5,9,,,,1.3,6,11,1.27,5.46,9.81,1.29,5.8,11.5,1.57,2.38,,,1.6,2.38,1.57,2.29,1.61,2.44,-1.5,1.83,2.03,,,1.85,2.03,1.79,1.93,1.84,2.04,1.22,5.25,12,1.25,6,13,1.25,5.8,11,1.22,6,12,1.26,5.75,11,1.25,5.75,11,1.25,5.75,11,,,,1.26,6,13,1.24,5.73,11.28,1.26,6.4,16.5,1.62,2.3,,,1.62,2.3,1.61,2.22,1.66,2.4,-1.75,1.98,1.88,,,1.98,1.88,1.9,1.81,2.03,1.96
SC0,01/11/2025,15:00,Livingston,Hibernian,2,2,D,1,1,D,C Scott,10,7,5,5,16,13,6,1,2,1,0,0,3.8,3.6,1.86,4,3.6,1.95,3.55,3.6,2,3.7,3.5,1.87,3.6,3.7,1.9,3.7,3.75,1.91,3.7,3.7,1.91,,,,4,3.75,2,3.71,3.58,1.92,4.1,3.65,1.94,1.83,2.03,,,1.84,2.03,1.8,1.94,1.81,2.02,0.5,1.93,1.93,,,1.93,1.95,1.83,1.88,1.96,1.94,3.8,3.6,1.86,3.5,3.6,2,3.55,3.6,1.98,3.5,3.6,2,3.5,3.5,1.98,3.5,3.6,2,3.5,3.6,2,,,,3.8,3.6,2.12,3.51,3.5,2.01,3.8,3.7,2.1,1.83,2.03,,,1.84,2.03,1.81,1.94,1.9,2.06,0.5,1.93,1.93,,,1.93,2.05,1.78,1.95,1.89,2.11
SC0,08/11/2025,15:00,Falkirk,Livingston,1,1,D,1,0,H,G Irvine,12,11,2,5,19,14,6,1,3,2,0,0,1.81,3.6,4.1,1.91,3.75,4,1.95,3.65,3.65,1.83,3.6,3.75,1.87,3.75,3.7,1.91,3.8,3.8,1.85,3.8,3.75,,,,1.95,3.8,4.1,1.87,3.64,3.83,1.94,3.7,4.1,1.73,2.1,,,1.78,2.1,1.73,2.03,1.8,2.08,-0.5,1.88,1.98,,,1.91,1.98,1.84,1.88,1.94,2.01,1.96,3.4,3.7,2.05,3.6,3.6,1.91,3.65,3.8,1.95,3.6,3.6,1.95,3.6,3.5,2,3.7,3.6,1.95,3.6,3.5,,,,2.05,3.7,3.8,1.96,3.55,3.63,2.06,3.7,3.95,1.8,2,,,1.8,2,1.76,1.98,1.8,2.16,-0.5,2.03,1.83,,,2.03,1.85,1.9,1.82,2.06,1.92
SC0,08/11/2025,17:45,St Mirren,Hibernian,0,3,A,0,1,A,D Dickinson,9,15,4,5,13,12,5,6,4,1,0,0,2.7,3.25,2.5,2.8,3.4,2.6,2.6,3.55,2.5,2.63,3.3,2.5,2.65,3.4,2.5,2.7,3.4,2.5,2.7,3.4,2.5,,,,2.8,3.55,2.6,2.68,3.34,2.52,2.8,3.25,2.64,1.98,1.88,,,1.98,1.98,1.88,1.86,1.97,1.86,0,2,1.85,,,2,1.85,1.93,1.8,2,1.9,2.65,3.25,2.57,2.75,3.3,2.63,2.7,3.35,2.55,2.63,3.4,2.55,2.55,3.4,2.6,2.6,3.4,2.62,2.6,3.4,2.6,,,,2.75,3.4,2.63,2.66,3.31,2.57,2.84,3.5,2.72,1.95,1.9,,,1.95,1.91,1.89,1.85,1.96,1.99,0,1.93,1.93,,,1.95,1.93,1.9,1.84,2.04,1.94
SC0,09/11/2025,15:00,Aberdeen,Motherwell,1,1,D,0,0,D,S McLean,6,10,2,3,15,12,4,6,3,1,0,0,2.2,3.8,2.75,2.3,3.6,3.1,2.23,3.6,2.95,2.25,3.4,2.88,2.25,3.5,2.9,2.3,3.5,2.9,2.3,3.5,2.9,,,,2.3,3.8,3.1,2.25,3.58,2.89,2.32,3.7,3,1.8,2,,,1.8,2.05,1.75,2,1.65,2.1,-0.25,2,1.85,,,2,1.85,1.92,1.8,,,2.35,3.75,2.57,2.4,3.5,3,2.23,3.6,2.95,2.45,3.4,2.75,2.35,3.4,2.8,2.37,3.5,2.8,2.37,3.5,2.8,,,,2.45,3.75,3,2.35,3.49,2.82,2.54,3.6,2.98,1.8,2,,,1.8,2,1.77,1.97,1.82,2.16,-0.25,2.08,1.73,,,2.08,1.82,1.98,1.75,2.19,1.82
SC0,09/11/2025,15:00,Dundee,Rangers,0,3,A,0,2,A,M MacDermid,10,15,5,10,11,11,4,6,0,1,0,0,7,4.33,1.41,7.5,4.6,1.44,6.5,4.4,1.46,6.5,4.4,1.4,6.5,4.6,1.44,6.5,4.6,1.44,6.5,4.6,1.44,,,,7.5,4.75,1.46,6.57,4.48,1.44,7.4,4.7,1.47,1.67,2.2,,,1.75,2.25,1.66,2.14,1.69,2.26,1.25,1.88,1.98,,,1.88,1.98,1.78,1.94,,,7,4.5,1.41,7.5,4.6,1.44,6.75,4.6,1.43,7.5,4.6,1.4,6.5,4.6,1.43,6.5,4.8,1.44,6.5,4.6,1.44,,,,7.5,4.8,1.44,6.86,4.56,1.42,8.4,5.2,1.44,1.67,2.2,,,1.67,2.25,1.63,2.19,1.71,2.32,1.25,1.88,1.98,,,1.88,1.98,1.82,1.9,1.97,1.99
SC0,09/11/2025,15:00,Hearts,Dundee United,1,1,D,1,1,D,J Beaton,11,7,2,3,18,15,4,3,2,4,0,0,1.37,4.5,7.5,1.44,4.6,8,1.45,4.6,6.4,1.36,4.5,7,1.43,4.75,6.5,1.44,4.8,6.5,1.44,4.8,6.5,,,,1.45,4.8,8,1.41,4.63,6.81,1.43,4.9,8,1.67,2.2,,,1.67,2.25,1.62,2.19,1.65,2.3,-1.25,1.93,1.93,,,1.94,1.93,1.89,1.82,,,1.3,5,8,1.36,5.5,8.5,1.33,5.3,8,1.33,5.25,8,1.35,5.25,7.5,1.36,5.25,8,1.36,5.25,7.5,,,,1.36,5.5,8.5,1.34,5.2,7.9,1.37,5.7,9.4,1.5,2.63,,,1.53,2.63,1.49,2.51,1.54,2.76,-1.5,1.98,1.88,,,1.98,1.88,1.9,1.82,2.01,1.91
SC0,09/11/2025,16:00,Celtic,Kilmarnock,4,0,H,1,0,H,D Robertson,21,3,7,1,14,4,8,7,2,2,0,0,1.13,7.5,13,1.17,8,17,1.13,8.5,16,1.13,7,15,1.17,8,13.5,1.17,8,13,1.17,8,13,,,,1.17,8.5,17,1.15,7.58,14.38,1.18,8.4,16.5,1.36,3.2,,,1.36,3.25,1.33,3.1,1.36,3.35,-2.25,2.05,1.8,,,2.05,1.95,1.88,1.84,,,1.11,8,17,1.14,8.5,19,1.15,8,15,1.13,8.5,18,1.15,8.25,14.5,1.15,8.5,15,1.15,8,15,,,,1.15,9,19.5,1.14,8.03,15.94,1.15,10,22,1.4,3,,,1.41,3.15,1.38,2.89,1.43,3.15,-2.25,1.95,1.9,,,1.95,1.9,1.92,1.8,2.04,1.92
SC0,22/11/2025,15:00,Dundee United,Falkirk,0,3,A,0,2,A,N Walsh,13,16,5,4,23,9,5,5,3,3,0,0,2.05,3.5,3.4,2.15,3.5,3.3,1.97,3.6,3.6,2.05,3.5,3.2,2.05,3.6,3.3,2.05,3.7,3.3,2.05,3.7,3.3,,,,2.15,3.7,3.6,2.05,3.57,3.31,2.12,3.55,3.5,1.8,2,,,1.8,2.1,1.7,2.04,1.8,2.12,-0.25,1.83,2.03,,,1.83,2.04,1.73,1.99,1.84,2.09,1.91,3.7,3.7,2.05,3.6,3.5,2.05,3.6,3.4,1.95,3.6,3.6,1.98,3.6,3.4,2,3.7,3.5,2,3.6,3.4,,,,2.05,3.7,3.7,1.99,3.58,3.5,2.02,3.8,3.95,1.73,2.1,,,1.76,2.1,1.71,2.04,1.81,2.16,-0.5,1.98,1.88,,,2,1.88,1.95,1.77,2.02,1.95
SC0,22/11/2025,15:00,Hibernian,Dundee,2,0,H,1,0,H,S McLean,17,7,5,4,9,11,8,3,2,1,0,0,1.3,5,9.5,1.33,5,9.5,1.33,5,9,1.3,4.8,9,1.34,5,8,1.35,5.25,8.5,1.35,5.25,8,,,,1.35,5.33,9.8,1.32,5.04,8.83,1.31,1.09,1.41,1.67,2.2,,,1.67,2.2,1.65,2.14,1.23,2.2,-1.5,2,1.85,,,2,1.85,1.91,1.8,1.9,1.77,1.37,4.5,8,1.33,5,9,1.33,5.1,9,1.36,4.8,8,1.36,5,7.75,1.36,5,8,1.36,5,8,,,,1.38,5.1,9,1.35,4.87,8.25,1.39,5.4,9.4,1.73,2.1,,,1.73,2.2,1.66,2.12,1.74,2.28,-1.25,1.88,1.98,,,1.88,2,1.74,1.97,1.89,2.07
SC0,22/11/2025,15:00,Kilmarnock,Motherwell,1,3,A,0,2,A,R Lee,18,12,6,5,15,12,3,3,1,5,0,0,2.95,3.4,2.2,3,3.3,2.38,2.9,3.3,2.35,2.88,3.3,2.3,2.85,3.4,2.3,2.9,3.5,2.37,2.87,3.4,2.37,,,,3,3.5,2.42,2.91,3.31,2.35,3.1,3.15,2.28,1.95,1.9,,,1.95,1.91,1.87,1.85,1.81,1.25,0.25,1.83,2.03,,,1.83,2.03,1.74,1.92,1.85,1.96,3.5,3.4,2.01,3.4,3.4,2.15,3.2,3.35,2.18,3.4,3.4,2.1,3.2,3.4,2.15,3.25,3.4,2.2,3.2,3.4,2.15,,,,3.5,3.4,2.2,3.32,3.35,2.13,3.75,3.5,2.2,1.95,1.9,,,1.95,1.91,1.86,1.86,1.95,1.99,0.25,2.03,1.83,,,2.03,1.83,1.9,1.75,2.11,1.88
SC0,22/11/2025,15:00,Rangers,Livingston,2,1,H,1,1,D,R Hardie,9,9,2,2,12,16,2,1,2,4,0,0,1.24,5.75,10,1.25,6,11,1.25,5.75,11,1.22,5.5,11,1.26,5.75,10.5,1.28,5.75,11,1.28,5.75,10,,,,1.28,6,11,1.25,5.72,10.54,1.28,6.6,11,1.57,2.38,,,1.57,2.5,1.54,2.36,1.57,1.24,-1.5,1.75,2.05,,,1.83,2.05,1.73,1.99,1.28,1.01,1.3,5.25,8,1.29,5.5,11,1.25,5.75,11,1.3,5.5,9,1.28,5.5,9.75,1.28,5.75,10,1.28,5.75,10,,,,1.3,6,11,1.27,5.58,9.72,1.3,6.4,12,1.5,2.63,,,1.55,2.63,1.52,2.41,1.55,2.7,-1.5,1.9,1.95,,,1.9,1.98,1.78,1.93,1.9,2.07
SC0,22/11/2025,20:00,St Mirren,Celtic,0,1,A,0,0,D,K Clancy,13,16,2,2,10,8,2,4,2,1,0,0,6.5,4.75,1.39,7,4.6,1.44,6.5,4.5,1.45,6.5,4.5,1.4,5.75,4.8,1.44,6,5,1.48,5.75,5,1.44,,,,7,5,1.48,6.38,4.71,1.42,6.4,5,1.47,1.53,2.5,,,1.56,2.5,1.53,2.38,1.17,1.84,1.25,1.95,1.9,,,1.95,1.92,1.82,1.88,1.81,1.84,6.25,4.75,1.42,7,4.6,1.44,7,4.6,1.42,7,4.8,1.4,6,4.8,1.44,6,5,1.44,6,5,1.44,,,,7.1,5,1.44,6.6,4.71,1.42,8,5.2,1.45,1.57,2.38,,,1.57,2.45,1.54,2.35,1.59,2.6,1.25,1.88,1.98,,,1.88,1.98,1.82,1.87,1.96,2
SC0,23/11/2025,15:00,Aberdeen,Hearts,1,0,H,1,0,H,D Dickinson,6,16,2,4,20,15,6,3,3,4,0,0,4.1,3.6,1.81,4.2,3.5,1.9,3.95,3.5,1.9,3.9,3.5,1.83,3.9,3.6,1.85,4,3.7,1.85,3.9,3.6,1.85,,,,4.3,3.7,1.9,3.98,3.53,1.86,4.3,3.55,1.93,1.98,1.88,,,1.98,1.91,1.9,1.83,1.99,1.86,0.5,1.98,1.88,,,1.98,1.88,1.88,1.83,,,3.6,3.5,2.01,3.75,3.4,2,3.9,3.55,1.89,3.6,3.5,2,3.4,3.4,2.05,3.5,3.5,2.05,3.5,3.5,2.05,,,,3.9,3.55,2.05,3.63,3.46,1.99,3.95,3.55,2.1,1.95,1.9,,,1.95,1.91,1.89,1.84,2.04,1.93,0.5,1.8,2.05,,,1.97,2.05,1.82,1.9,1.9,2.08
SC0,25/11/2025,19:45,Motherwell,Hibernian,2,0,H,2,0,H,D Nicolson,16,2,5,1,13,17,0,2,0,1,0,1,2.65,3.4,2.45,2.75,3.3,2.5,2.6,3.35,2.63,2.63,3.5,2.5,2.6,3.4,2.5,2.62,3.5,2.6,2.6,3.5,2.5,,,,2.75,3.6,2.63,2.63,3.42,2.52,2.8,3.5,2.64,1.83,2.03,,,1.83,2.03,1.79,1.94,1.84,2.14,0,1.98,1.88,,,1.98,1.88,1.91,1.82,2.04,1.92,3.05,3.4,2.15,3.1,3.4,2.25,3,3.35,2.3,3.13,3.4,2.2,2.87,3.4,2.35,2.9,3.4,2.37,2.9,3.4,2.37,,,,3.2,3.4,2.37,3.02,3.37,2.27,3.2,3.65,2.38,1.88,1.98,,,1.88,2,1.82,1.91,1.91,2.04,0.25,1.9,1.95,,,1.9,1.95,1.81,1.84,1.92,2.07
SC0,29/11/2025,15:00,Dundee,St Mirren,3,1,H,2,1,H,J Beaton,8,19,4,3,6,14,1,11,0,2,0,0,3.5,3.3,2.05,3.5,3.3,2.1,3.7,3.3,2.02,3.3,3.3,2.05,3.3,3.4,2.05,3.4,3.5,2.1,3.4,3.4,2.1,,,,3.7,3.5,2.15,3.45,3.32,2.08,3.5,3.5,2.18,2.05,1.8,,,2.1,1.8,2.02,1.73,2.04,1.86,0.25,2.03,1.83,,,2.03,22,1.97,3.95,2.03,1.89,3.5,3.3,2.05,3.5,3.3,2.1,3.55,3.2,2.12,3.4,3.4,2.1,3.2,3.4,2.15,3.25,3.4,2.2,3.2,3.4,2.15,,,,3.55,3.4,2.2,3.41,3.31,2.11,3.65,3.55,2.18,2,1.85,,,2.02,1.85,1.97,1.76,2.04,1.92,0.25,2,1.85,,,2,1.85,1.93,1.74,2.09,1.89
SC0,29/11/2025,15:00,Motherwell,Hearts,0,0,D,0,0,D,K Clancy,9,9,5,1,4,14,3,4,2,4,0,0,3.6,3.4,2.01,3.4,3.5,2.05,3.25,3.45,2.14,3.25,3.4,2.05,3.4,3.5,2,3.5,3.6,2.05,3.4,3.6,2,,,,3.6,3.6,2.14,3.37,3.46,2.06,3.75,3.65,2.12,1.8,2,,,1.8,2,1.77,1.96,1.84,2.06,0.5,1.75,2.05,,,1.83,2.05,1.74,1.98,1.86,2.12,3.4,3.05,2.2,3.25,3.25,2.25,3.4,3.45,2.08,3.2,3.3,2.25,3.1,3.3,2.2,3.2,3.4,2.2,3.2,3.4,2.2,,,,3.4,3.45,2.25,3.26,3.28,2.19,3.45,3.5,2.3,2.1,1.73,,,2.1,1.88,1.97,1.77,2.08,1.86,0.25,1.9,1.95,,,1.93,1.95,1.88,1.77,1.99,1.99
SC0,29/11/2025,17:45,Kilmarnock,Dundee United,1,1,D,1,0,H,M MacDermid,11,11,3,3,16,15,3,3,3,2,0,0,2.57,3.4,2.5,2.75,3.3,2.5,2.65,3.25,2.65,2.63,3.25,2.5,2.65,3.4,2.45,2.7,3.5,2.5,2.7,3.4,2.5,,,,2.8,3.5,2.65,2.66,3.34,2.52,2.7,3.4,2.66,1.98,1.88,,,1.98,1.91,1.92,1.81,1.96,1.83,0,1.98,1.88,,,2,22,1.92,5.18,1.95,1.9,2.32,3.3,2.82,2.38,3.25,3,2.55,3.25,2.75,2.38,3.3,2.9,2.4,3.3,2.8,2.45,3.4,2.8,2.4,3.4,2.8,,,,2.55,3.4,3.05,2.42,3.28,2.85,2.54,3.5,3.05,2,1.8,,,2.1,1.8,1.99,1.75,2.1,1.86,-0.25,2.1,1.78,,,2.1,1.78,2.05,1.69,2.19,1.83
SC0,30/11/2025,12:00,Hibernian,Celtic,1,2,A,0,2,A,N Walsh,9,6,4,2,9,18,4,3,3,3,0,0,4.33,3.9,1.68,4.33,4,1.73,4.4,3.75,1.76,4.2,3.8,1.7,4.2,4,1.71,4.33,4,1.73,4.33,4,1.73,,,,4.4,4.2,1.76,4.22,3.92,1.72,4.6,4.2,1.76,1.62,2.3,,,1.67,2.3,1.61,2.21,1.62,2.32,0.75,1.88,1.98,,,1.88,22,1.8,4.41,1.96,1.95,3.75,3.5,1.76,4,3.75,1.83,4.4,3.85,1.75,3.9,3.8,1.83,4,3.8,1.78,4,3.9,1.8,4,3.9,1.8,,,,4.4,3.9,1.83,4.04,3.77,1.79,4.6,4,1.85,1.67,2.2,,,1.67,2.2,1.64,2.15,1.74,2.3,0.5,2,1.85,,,2,1.85,1.94,1.78,2.14,1.86
SC0,30/11/2025,14:00,Rangers,Falkirk,0,0,D,0,0,D,S McLean,14,5,4,2,11,17,4,5,0,3,0,0,1.35,5,7,1.36,5,8,1.37,5,7.5,1.33,4.8,7.5,1.38,5,7.25,1.4,5,7.5,1.36,5,7.5,,,,1.4,5.33,8.2,1.36,4.99,7.4,1.41,5.2,7.8,1.53,2.5,,,1.55,2.5,1.52,2.4,1.52,2.58,-1.5,2.03,1.78,,,2.03,1.83,1.97,1.75,2.04,1.8,1.46,4.5,5.5,1.5,4.33,6,1.48,4.4,6.1,1.5,4.33,6,1.5,4.5,5.5,1.5,4.6,5.75,1.5,4.5,5.75,,,,1.53,4.6,6.1,1.5,4.4,5.8,1.53,4.8,6.8,1.67,2.2,,,1.67,2.25,1.62,2.2,1.7,2.34,-1,1.85,2,,,1.85,2,1.77,1.95,1.89,2.07
SC0,30/11/2025,15:00,Livingston,Aberdeen,0,1,A,0,0,D,D Robertson,15,14,3,4,12,15,7,4,1,1,0,0,2.65,3.25,2.55,2.75,3.25,2.6,2.7,3.2,2.65,2.63,3.25,2.5,2.7,3.3,2.45,2.75,3.4,2.5,2.75,3.4,2.5,,,,2.75,3.4,2.65,2.7,3.27,2.54,2.7,3.4,2.58,1.91,1.91,,,2,1.91,1.93,1.8,1.98,1.88,0,1.98,1.88,,,1.98,22,1.91,5.18,,,2.55,3.2,2.7,2.6,3.25,2.75,2.65,3.25,2.63,2.55,3.3,2.7,2.55,3.3,2.65,2.6,3.4,2.7,2.6,3.4,2.62,,,,2.65,3.4,2.78,2.57,3.27,2.68,2.76,3.45,2.82,1.98,1.88,,,2,1.88,1.96,1.78,2.06,1.89,0,1.88,1.98,,,1.88,1.98,1.82,1.91,1.96,2.02
SC0,03/12/2025,19:45,Aberdeen,St Mirren,3,3,D,0,0,D,S McLean,18,15,8,4,11,16,8,6,0,1,0,0,2.15,3.3,3.25,2.25,3.3,3.2,2.2,3.3,3.25,2.15,3.3,3.1,2.2,3.4,3,2.25,3.4,3.1,2.25,3.4,3.1,,,,2.25,3.4,3.25,2.2,3.32,3.15,2.24,3.4,3.35,1.98,1.88,,,2,1.91,1.93,1.8,1.97,1.9,-0.25,1.93,1.93,,,1.93,1.93,1.85,1.85,1.93,1.96,2.2,3.05,3.25,2.3,3.2,3.2,2.23,3.25,3.25,2.3,3.1,3.3,2.25,3.3,3,2.3,3.4,3.1,2.25,3.4,3.1,,,,2.3,3.4,3.3,2.25,3.22,3.19,2.36,3.4,3.45,2.1,1.73,,,2.1,1.73,2.06,1.69,2.22,1.8,-0.25,1.98,1.88,,,1.98,1.88,1.88,1.82,2.01,1.95
SC0,03/12/2025,19:45,Celtic,Dundee,1,0,H,1,0,H,D Nicolson,17,4,6,3,13,4,6,0,3,0,0,0,1.07,10,19,1.09,10,23,1.09,10,21,1.07,9,21,1.1,10.5,21,1.1,11,21,1.1,11,21,,,,1.1,11,24,1.09,9.84,20.81,1.1,14,30,1.3,3.5,,,1.3,3.65,1.28,3.42,1.31,3.7,-2.5,1.85,2,,,1.85,2,1.78,1.94,1.83,1.96,1.1,9,15,1.13,8.5,19,1.11,8.5,20,1.11,9,19,1.12,9.5,16.5,1.12,10,17,1.12,9.5,17,,,,1.13,10,20,1.11,8.79,17.88,1.12,13,26,1.33,3.4,,,1.33,3.4,1.31,3.21,1.35,3.7,-2.5,2.03,1.83,,,2.03,1.86,1.92,1.79,2.04,1.9
SC0,03/12/2025,19:45,Dundee United,Rangers,2,2,D,1,1,D,D Dickinson,13,32,6,10,13,6,8,9,3,3,0,0,4.5,3.9,1.68,4.6,3.75,1.73,4.6,3.75,1.72,4.5,3.7,1.67,4.5,3.8,1.7,4.6,3.9,1.7,4.5,3.9,1.7,,,,4.6,3.9,1.75,4.5,3.78,1.71,4.8,4.1,1.75,1.83,2.03,,,1.83,2.03,1.76,1.98,1.82,2.08,0.75,1.88,1.98,,,1.88,1.98,1.83,1.88,1.97,1.96,3.6,3.6,1.91,3.6,3.5,2,3.5,3.5,2.04,3.7,3.5,1.95,3.4,3.5,2,3.5,3.6,2.05,3.4,3.5,2.05,,,,3.7,3.6,2.05,3.55,3.52,1.99,4,3.75,2.04,1.88,1.98,,,1.91,1.98,1.84,1.88,1.92,2.04,0.5,1.88,1.98,,,1.98,1.98,1.85,1.86,1.94,2.04
SC0,03/12/2025,19:45,Falkirk,Motherwell,0,0,D,0,0,D,C Graham,14,7,1,1,13,15,6,3,2,0,0,0,2.57,3.3,2.57,2.63,3.3,2.63,2.5,3.35,2.7,2.55,3.3,2.55,2.55,3.4,2.55,2.6,3.5,2.6,2.6,3.5,2.6,,,,2.7,3.5,2.7,2.58,3.33,2.6,2.76,3.4,2.68,1.88,1.98,,,1.91,1.98,1.83,1.9,1.89,1.98,0,1.93,1.93,,,1.95,1.93,1.88,1.85,1.99,1.92,3.3,3.3,2.15,3.2,3.3,2.25,3.25,3.35,2.17,3.25,3.4,2.15,3.1,3.4,2.2,3.1,3.4,2.25,3.1,3.4,2.25,,,,3.4,3.4,2.26,3.22,3.34,2.18,3.5,3.55,2.28,1.93,1.93,,,1.93,1.93,1.86,1.86,1.98,2,0.25,1.98,1.88,,,1.98,1.88,1.88,1.77,2.02,1.96
SC0,03/12/2025,19:45,Hearts,Kilmarnock,1,1,D,0,0,D,J Beaton,17,11,3,5,4,11,9,1,1,2,0,0,1.35,4.33,8.5,1.33,5,9.5,1.3,5.1,9.5,1.33,4.6,8,1.35,5,8,1.36,5,8,1.36,5,8,,,,1.38,5.1,9.5,1.34,4.81,8.39,1.38,4.8,10,1.8,2,,,1.8,2.08,1.73,2.03,1.81,2.04,-1.5,2.08,1.73,,,2.1,1.84,1.99,1.74,2.12,1.73,1.24,5.5,11,1.29,5,11,1.34,4.9,9,1.25,5.5,12,1.28,5.5,9.75,1.28,5.75,10,1.28,5.5,10,,,,1.34,5.75,12.5,1.28,5.27,10.36,1.32,5.9,13.5,1.73,2.1,,,1.73,2.1,1.7,2.06,1.8,2.2,-1.5,1.83,2.03,,,1.92,2.03,1.83,1.87,1.91,2.04
SC0,06/12/2025,15:00,Dundee,Aberdeen,1,3,A,0,2,A,G Irvine,15,21,2,8,8,13,6,4,2,1,0,0,3.4,3.25,2.1,3.4,3.25,2.15,3.6,3.25,2.08,3.25,3.25,2.1,3.2,3.4,2.15,3.25,3.4,2.2,3.25,3.4,2.15,,,,3.6,3.4,2.2,3.37,3.29,2.12,3.5,3.25,2.2,2.1,1.73,,,2.1,1.75,2.04,1.71,2.14,1.8,0.25,1.98,1.88,,,2,1.88,1.94,1.73,1.99,1.88,3.4,3.3,2.1,3.4,3.25,2.15,3.6,3.3,2.08,3.4,3.3,2.15,3.2,3.3,2.2,3.2,3.4,2.2,3.2,3.4,2.2,,,,3.6,3.4,2.2,3.41,3.25,2.15,3.75,3.35,2.22,2,1.8,,,2.1,1.8,2,1.74,2.12,1.87,0.25,2,1.85,,,2,1.85,1.94,1.73,2.07,1.89
SC0,06/12/2025,15:00,Hibernian,Falkirk,3,0,H,2,0,H,M MacDermid,10,8,5,4,13,9,10,4,1,4,0,0,1.53,4,5.75,1.62,4,5,1.63,3.85,5.1,1.55,4,5.25,1.58,4.1,5.25,1.6,4.2,5.25,1.57,4.2,5.25,,,,1.63,4.2,5.75,1.58,4.02,5.25,1.63,4.1,5.5,1.67,2.2,,,1.76,2.2,1.68,2.09,1.71,2.18,-1,2.03,1.83,,,2.03,1.83,1.98,1.75,2.04,1.83,1.66,3.7,5,1.7,3.75,5,1.63,4,5,1.7,3.8,4.75,1.7,3.8,4.5,1.73,3.9,4.6,1.7,3.9,4.5,,,,1.73,4,5,1.69,3.78,4.79,1.75,4,5.5,1.8,2,,,1.8,2.1,1.75,1.99,1.85,2.14,-0.75,1.93,1.93,,,1.93,1.95,1.81,1.9,1.97,2.03
SC0,06/12/2025,15:00,Motherwell,Livingston,3,0,H,1,0,H,R Lee,14,12,7,1,9,19,4,5,2,3,0,0,1.66,3.75,4.75,1.73,3.75,4.6,1.67,3.8,4.9,1.67,3.7,4.6,1.7,3.75,4.6,1.73,3.8,4.8,1.7,3.75,4.6,,,,1.74,3.8,4.9,1.69,3.75,4.68,1.75,3.8,4.9,1.88,1.98,,,1.91,1.98,1.81,1.92,1.87,1.97,-0.75,1.95,1.9,,,1.95,1.9,1.84,1.86,1.95,1.89,1.68,3.75,4.5,1.73,3.75,4.6,1.67,3.8,4.9,1.7,3.8,4.6,1.68,3.9,4.5,1.7,4,4.6,1.7,3.9,4.6,,,,1.73,4,4.9,1.69,3.8,4.66,1.73,4.1,5.4,1.8,2,,,1.8,2,1.76,1.97,1.84,2.16,-0.75,1.98,1.88,,,1.98,1.88,1.85,1.85,1.94,2.03
SC0,06/12/2025,15:00,St Mirren,Dundee United,2,0,H,1,0,H,N Walsh,13,13,5,3,14,5,3,2,2,2,0,0,2.1,3.5,3.2,2.2,3.4,3.2,2.12,3.4,3.4,2.15,3.3,3.13,2.15,3.3,3.2,2.2,3.4,3.2,2.2,3.4,3.2,,,,2.24,3.5,3.4,2.16,3.39,3.2,2.2,3.5,3.55,1.93,1.93,,,1.93,1.93,1.87,1.85,2.04,1.92,-0.25,1.9,1.95,,,1.9,1.95,1.81,1.89,1.91,2.04,1.76,3.9,4.2,1.83,3.6,4.2,1.89,3.45,4,1.8,3.7,4.2,1.78,3.6,4.2,1.8,3.7,4.33,1.8,3.7,4.2,,,,1.89,3.9,4.33,1.82,3.6,4.18,1.94,3.8,4.4,1.8,2,,,1.91,2,1.84,1.89,1.98,1.99,-0.5,1.75,2.05,,,1.83,2.05,1.78,1.92,1.94,2.05
SC0,06/12/2025,20:00,Kilmarnock,Rangers,0,3,A,0,1,A,K Clancy,15,11,3,6,17,11,7,2,2,2,0,0,5.25,4,1.56,5.5,4,1.6,5.6,4.1,1.57,5.25,3.9,1.55,5,3.9,1.61,5.25,4,1.61,5.25,4,1.61,,,,5.9,4.1,1.62,5.28,3.97,1.59,5.5,4.3,1.66,1.85,2,,,1.85,2,1.78,1.95,1.8,2.08,1,1.75,2.05,,,1.83,2.05,1.76,1.96,1.81,2.12,4.33,3.9,1.68,4.5,3.75,1.73,4.9,3.85,1.66,4.6,3.9,1.7,4.2,3.8,1.73,4.33,3.9,1.75,4.4,3.9,1.73,,,,4.9,4,1.75,4.54,3.86,1.69,5.2,4,1.76,1.73,2.1,,,1.78,2.1,1.73,2.03,1.79,2.24,0.75,1.93,1.93,,,1.93,1.93,1.88,1.82,2,1.96
SC0,07/12/2025,15:00,Celtic,Hearts,1,2,A,0,1,A,D Robertson,15,8,5,3,9,11,5,3,1,3,0,0,1.53,3.8,6,1.57,4,5.5,1.54,4.1,5.8,1.53,3.9,5.5,1.57,4,5.5,1.57,4.2,5.5,1.57,4,5.5,,,,1.6,4.2,6,1.55,4.02,5.59,1.6,4.3,6,1.8,2,,,1.8,2.05,1.74,2,1.78,2.08,-1,2,1.85,,,2,1.86,1.89,1.83,2.01,1.89,1.53,3.9,5.75,1.57,4.2,5.5,1.5,4.4,5.8,1.55,4.2,5.5,1.55,4.1,5.25,1.57,4.2,5.5,1.57,4.2,5.5,,,,1.6,4.4,5.8,1.55,4.14,5.48,1.59,4.5,6.4,1.67,2.2,,,1.67,2.25,1.63,2.17,1.69,2.38,-1,1.98,1.88,,,2,1.93,1.86,1.86,1.98,1.99
SC0,13/12/2025,15:00,Dundee United,Motherwell,0,0,D,0,0,D,D Nicolson,9,13,1,3,19,13,1,4,3,3,0,0,2.82,3.4,2.3,3,3.3,2.38,2.8,3.25,2.48,2.88,3.3,2.3,2.87,3.4,2.3,2.9,3.5,2.37,2.9,3.4,2.3,,,,3,3.5,2.48,2.86,3.31,2.36,3,3.5,2.4,1.9,1.95,,,1.91,1.95,1.86,1.85,1.87,1.97,0.25,1.8,2.05,,,1.8,2.05,1.72,1.96,1.82,2.07,2.95,3.5,2.15,3,3.3,2.38,3.05,3.35,2.3,3,3.5,2.2,2.95,3.4,2.3,3,3.5,2.3,3,3.4,2.3,,,,3.1,3.5,2.38,3,3.4,2.26,3.25,3.65,2.34,1.85,2,,,1.91,2,1.84,1.89,1.91,2.04,0.25,1.9,1.95,,,1.9,1.95,1.81,1.85,1.96,2.02
SC0,13/12/2025,15:00,Livingston,Dundee,2,2,D,0,2,A,D McFarlane,15,6,6,3,23,13,7,0,2,2,1,0,1.81,3.6,4.1,1.9,3.5,4,1.95,3.35,3.9,1.83,3.5,3.9,1.88,3.5,3.9,1.91,3.5,4,1.91,3.5,4,,,,1.95,3.6,4.3,1.88,3.48,3.97,1.97,3.65,4.2,1.93,1.93,,,2,1.93,1.91,1.82,1.92,1.92,-0.5,1.88,1.98,,,1.88,1.98,1.83,1.87,1.97,2.01,1.76,3.5,4.33,1.83,3.5,4.33,1.8,3.55,4.4,1.8,3.6,4.33,1.83,3.6,4,1.85,3.7,4,1.85,3.7,4,,,,1.85,3.7,4.4,1.81,3.55,4.23,1.89,3.8,4.7,1.98,1.88,,,1.98,1.91,1.9,1.82,2,1.96,-0.5,1.83,2.03,,,1.85,2.03,1.77,1.94,1.9,2.08
SC0,13/12/2025,20:00,Falkirk,Hearts,0,2,A,0,1,A,C Scott,6,13,1,5,11,9,3,7,2,2,0,0,4.33,3.6,1.76,4.2,3.6,1.83,4.1,3.55,1.85,4.1,3.5,1.8,4.1,3.6,1.8,4.2,3.7,1.83,4.2,3.7,1.83,,,,4.35,3.7,1.85,4.17,3.56,1.81,4.4,3.65,1.86,1.91,1.91,,,1.91,1.91,1.85,1.87,1.87,1.96,0.5,2.03,1.83,,,2.03,1.83,1.94,1.78,2.08,1.86,4.5,3.6,1.71,4.2,3.6,1.8,4.4,3.6,1.79,4.2,3.7,1.8,3.9,3.6,1.85,4,3.7,1.85,3.9,3.7,1.85,,,,4.5,3.7,1.85,4.2,3.61,1.8,4.7,3.95,1.84,1.8,2,,,1.91,2,1.81,1.91,1.91,2.08,0.5,2.05,1.75,,,2.05,1.83,1.93,1.78,2.13,1.86
SC0,14/12/2025,15:00,Aberdeen,Kilmarnock,2,1,H,0,1,A,R Hardie,21,8,8,5,10,14,9,3,2,5,0,0,1.71,3.5,4.75,1.8,3.6,4.5,1.79,3.5,4.5,1.73,3.5,4.4,1.77,3.5,4.4,1.8,3.6,4.5,1.8,3.6,4.5,,,,1.8,3.6,4.9,1.76,3.53,4.5,1.8,3.7,4.6,1.93,1.93,,,2,1.93,1.9,1.82,1.9,1.9,-0.75,2,1.85,,,2,1.85,1.94,1.76,,,1.61,3.6,5.25,1.67,3.75,5,1.71,3.7,4.8,1.65,3.75,5.25,1.68,3.75,4.8,1.7,3.8,5,1.7,3.75,4.8,,,,1.8,3.8,5.4,1.68,3.69,4.93,1.71,4,5.8,1.98,1.88,,,1.98,1.91,1.89,1.84,2,1.96,-0.75,1.85,2,,,1.86,2,1.83,1.88,1.91,2.07
SC0,15/12/2025,19:45,Rangers,Hibernian,1,0,H,1,0,H,D Robertson,19,8,8,3,17,14,5,5,1,3,0,0,1.81,3.6,4,1.9,3.6,4,1.9,3.5,3.9,1.83,3.5,3.9,1.85,3.6,3.9,1.85,3.7,4,1.85,3.7,3.9,,,,1.9,3.7,4.2,1.85,3.57,3.94,1.89,3.65,4.2,1.85,2,,,1.88,2,1.81,1.91,1.7,1.98,-0.5,1.88,1.98,,,1.88,1.98,1.82,1.89,1.89,1.99,2.01,3.4,3.4,2,3.25,3.3,1.98,3.6,3.55,2.05,3.5,3.5,2,3.5,3.5,2.05,3.5,3.5,2.05,3.5,3.5,,,,2.1,3.6,3.6,2.02,3.45,3.47,2.12,3.6,3.85,1.95,1.9,,,1.95,1.98,1.83,1.89,2,1.96,-0.25,1.8,2.05,,,1.8,2.05,1.72,2.01,1.84,2.17
SC0,17/12/2025,20:00,Dundee United,Celtic,2,1,H,0,1,A,J Beaton,16,17,7,2,10,3,7,6,2,1,0,0,6.25,4.2,1.45,6.5,4.33,1.5,6.75,4.5,1.44,6,4.33,1.44,5.75,4.6,1.47,6,4.6,1.48,5.75,4.6,1.48,,,,6.75,4.75,1.5,6.21,4.46,1.45,7.4,4.7,1.52,1.62,2.3,,,1.62,2.3,1.58,2.24,1.61,2.42,1.25,1.8,2.05,,,1.8,2.05,1.79,1.92,1.83,2.11,6.25,4.33,1.45,6,4.5,1.5,6.25,4.35,1.48,6,4.75,1.45,5.25,4.6,1.51,5.25,4.8,1.53,5.25,4.8,1.5,,,,6.33,4.8,1.53,5.88,4.48,1.48,6.4,4.9,1.54,1.53,2.5,,,1.56,2.5,1.52,2.39,1.58,2.7,1.25,1.8,2.05,,,1.8,2.05,1.75,1.95,1.85,2.14
SC0,20/12/2025,15:00,Dundee United,Hibernian,1,1,D,1,1,D,S McLean,12,23,2,5,10,7,5,7,2,2,0,0,3.5,3.5,2.01,3.4,3.4,2.1,3.6,3.35,2.05,3.25,3.4,2.05,3.3,3.6,2.05,3.4,3.6,2.05,3.4,3.6,2.05,,,,3.6,3.6,2.15,3.39,3.43,2.07,3.5,3.6,2.14,1.88,1.98,,,1.92,1.98,1.85,1.87,1.83,2,0.25,2.03,1.83,,,2.03,1.83,1.96,1.71,2.05,1.85,3.05,3.5,2.15,3.25,3.4,2.15,3.25,3.4,2.18,3.1,3.5,2.2,3.1,3.5,2.15,3.2,3.5,2.2,3.1,3.5,2.15,,,,3.25,3.5,2.22,3.17,3.41,2.17,3.35,3.6,2.32,1.73,2.1,,,1.8,2.1,1.75,1.98,1.79,2.2,0.25,1.93,1.93,,,1.93,1.93,1.87,1.8,1.98,2
SC0,20/12/2025,15:00,Kilmarnock,Falkirk,0,1,A,0,0,D,R Lee,15,10,3,4,11,12,2,2,2,1,0,0,2.55,3.3,2.65,2.6,3.25,2.75,2.45,3.2,2.9,2.5,3.25,2.63,2.55,3.3,2.65,2.6,3.4,2.7,2.5,3.4,2.62,,,,2.62,3.4,2.9,2.53,3.26,2.71,2.68,3.3,2.9,2,1.85,,,2.02,1.91,1.94,1.79,1.99,1.63,0,1.88,1.98,,,1.9,1.98,1.83,1.91,1.91,2.02,2.35,3.3,2.85,2.5,3.25,2.88,2.55,3.25,2.8,2.4,3.3,2.9,2.4,3.3,2.8,2.45,3.4,2.8,2.45,3.3,2.8,,,,2.55,3.4,2.92,2.43,3.26,2.85,2.52,3.4,3.1,2.1,1.73,,,2.1,1.8,1.97,1.76,2.08,1.87,-0.25,2.1,1.78,,,2.1,1.78,2.05,1.69,2.16,1.83
SC0,20/12/2025,15:00,Motherwell,Dundee,1,0,H,0,0,D,M MacDermid,16,5,7,2,12,13,2,3,1,2,0,0,1.42,4.75,6,1.44,4.33,7,1.49,4.2,6.4,1.44,4.2,6.5,1.49,4.5,5.75,1.5,4.6,6,1.5,4.5,6,,,,1.5,4.75,7,1.47,4.39,6.23,1.47,4.5,7.6,1.8,2,,,1.8,2.05,1.74,1.99,1.74,2.1,-1.25,2.05,1.8,,,2.05,1.8,2.02,1.71,2.07,1.81,1.3,5.25,8,1.33,5,9.5,1.38,4.7,7.5,1.33,4.8,9.5,1.35,5,7.75,1.36,5.25,8,1.35,5.25,8,,,,1.38,5.25,11,1.34,4.87,8.45,1.38,5.4,10,1.73,2.1,,,1.8,2.1,1.72,2.02,1.82,2.16,-1.5,2.03,1.83,,,2.3,1.83,2.07,1.69,2.14,1.83
SC0,20/12/2025,15:00,St Mirren,Livingston,1,0,H,0,0,D,C Graham,16,5,4,1,9,13,7,4,0,1,0,0,1.81,3.6,4.33,1.83,3.6,4.2,1.85,3.5,4.2,1.8,3.5,4,1.82,3.6,4,1.85,3.7,4.2,1.83,3.6,4,,,,1.88,3.7,4.35,1.82,3.55,4.14,1.87,3.7,4.5,1.88,1.98,,,1.92,1.98,1.86,1.86,1.89,1.96,-0.5,1.85,2,,,1.85,2,1.79,1.92,1.87,2.09,1.81,3.4,4.5,1.9,3.4,4.2,1.85,3.5,4.2,1.83,3.5,4.33,1.83,3.6,4,1.85,3.7,4,1.85,3.6,4,,,,1.94,3.7,4.5,1.85,3.48,4.19,1.92,3.65,4.7,2,1.8,,,2,1.83,1.95,1.78,2.06,1.91,-0.5,1.85,2,,,1.93,2,1.81,1.91,1.92,2.07
SC0,21/12/2025,13:30,Hearts,Rangers,2,1,H,2,0,H,N Walsh,14,11,5,2,12,10,6,10,2,1,0,0,2.01,3.5,3.5,2.1,3.4,3.4,2.16,3.3,3.35,2.05,3.4,3.25,2.1,3.5,3.25,2.1,3.6,3.3,2.1,3.5,3.25,,,,2.16,3.6,3.5,2.09,3.38,3.35,2.22,3.65,3.55,1.93,1.93,,,1.96,1.93,1.89,1.83,1.91,1.96,-0.25,1.83,2.03,,,1.83,2.03,1.78,1.92,1.91,2.06,2.05,3.3,3.5,2.15,3.3,3.4,2.12,3.4,3.35,2.1,3.4,3.4,2.1,3.4,3.3,2.1,3.5,3.4,2.1,3.5,3.3,,,,2.15,3.5,3.55,2.1,3.36,3.38,2.16,3.6,3.75,2.03,1.83,,,2.03,1.83,1.94,1.78,2.04,1.92,-0.25,1.83,2.03,,,1.83,2.03,1.78,1.92,1.87,2.13
SC0,21/12/2025,15:00,Celtic,Aberdeen,3,1,H,1,0,H,D Dickinson,31,10,10,2,12,13,8,4,1,2,0,0,1.3,6,7.5,1.3,5.5,9,1.33,5.5,7.5,1.29,5.25,8,1.31,5.5,8.25,1.33,5.75,8.5,1.3,5.75,8.5,,,,1.36,6,9,1.32,5.46,7.84,1.37,5.7,8.6,1.5,2.63,,,1.52,2.65,1.48,2.52,1.41,2.72,-1.5,1.88,1.98,,,1.9,1.98,1.86,1.85,,,1.33,5.5,6.5,1.33,5.5,8,1.32,5.6,7.5,1.33,5.25,8,1.36,5.25,7.25,1.36,5.25,7.5,1.36,5.25,7,,,,1.38,5.6,8,1.34,5.34,7.31,1.38,6,8.6,1.44,2.75,,,1.5,2.75,1.46,2.56,1.51,2.9,-1.5,2,1.85,,,2,1.85,1.91,1.8,2.03,1.9
